,topic_id,topic,T/F,speecher,id,reference
841,2,이재용 기소여부 권고할 검찰수사심의위원회는 비법률전문가들이다,False,"SNS, 인터넷 커뮤니티",2333,
844,2,토지공개념은 사회주의 정책이다,False,인터넷 커뮤니티 및 SNS,2240,
850,2,정부가 마스크 공장 물량 다 가져가서 판매할 물량이 없다?,False,온라인 커뮤니티 이용자,2040,출처: 온라인 커뮤니티 이용자 및 관련 보도 다수 댓글 등
855,2,"""주택보유자 증가 둔화는 다주택자가 늘었기 때문""?",False,박광온,1969,출처: 더불어민주당 최고위원회 발언
856,2,"""소득주도성장 정책의 성과가 분명하게 나타나고 있다""?",False,문재인,1959,출처: 청와대 브리핑
859,2,"""철도노조 요구대로 하면 주 31시간 근무로 줄어든다""",False,김경욱,1929,출처: 다수 언론 보도
862,2,"유튜브 노란딱지, 보수 유튜버만 골라 억압한다?",False,나경원,1895,"출처: 유튜브 노란딱지, 무엇이 문제인가"
863,2,"서울시 청년수당, 정책 효과 입증 됐다?",False,서울특별시,1894,
865,2,우리나라 정부 지출은 매년 '슈퍼 예산'?,False,언론 보도,1862,
870,2,"""신라젠은 문재인 수혜주로 불렸다""",False,이언주,1778,출처: 이언주 의원 사회관계망서비스(블로그) 게시물
872,2,"""남북간 경제협력으로 평화경제가 실현된다면 단숨에 일본경제의 우위를 따라잡을 수 있다""",False,문재인,1768,출처: 8월 5일 청와대 수석보좌관회의
873,2,"""추경 반영 사업들의 본예산 집행실적 70% 육박""",True,조정식,1759,
880,2,"""한국 기업이 납품기한을 짧게 요청해 수출관리에 문제가 있다.""",False,일본 경제산업성,1705,
881,2,"""한국의 캐치올 제도(전략물자통제)가 제대로 이루어지지 않는다.""",False,일본 경제산업성,1703,
883,2,"""일본이 수출 규제를 풀지 않으면 이달말 반도체 공장 가동이 중단될 수 있다.""",False,언론 보도,1701,출처: 2019년 7월 5일 기사
886,2,"""외국인에게 똑같은 임금 수준을 유지하는 것은 공정하지 않다""",False,황교안,1671,출처: 6월 19일 부산 지역 기업인 조찬 간담회
888,2,“세계경제 좋은데 우리만 마이너스 성장에 고용절벽”,True,황교안,1653,출처: 자유한국당 최고위원회
890,2,"""소득주도성장은 실패하지 않았다"" ?",False,이강국,1650,출처: 경기도의회 민주당 주최 ‘경제공부 모임’
895,2,“정헌율 익산시장을 비롯한 도내 14개 시장 군수가 김제역 KTX정차를 동의했다”,True,박준배,1605,출처: ‘KTX 김제역 정차’ 놓고 익산지역서 논란
896,2,"""국가 채무비율 40% 제한선, 정해진 기준 없다.""",True,최운열,1603,
899,2,“대통령 직권으로 화폐단위 변경 가능하다”,False,유튜브 이용자,1585,
903,2,"""청년실업률 아주 낮아졌다""?",False,문재인,1562,출처: 5월 9일 문재인 대통령 취임 2주년 대담
904,2,"""G20이나 OECD 국가 중 한국은 상당한 고성장 국가이다""?",False,문재인,1561,출처: 5월 9일 문재인대통령 취임2주년 대담
906,2,“우리 경제의 기초체력이 튼튼하다”?,False,문재인,1557,
907,2,트럼프 대통령이 '전화 한 통화로 방위비 분담금을 인상했다'고 겨냥한 국가는 한국,True,언론 보도,1548,
911,2,"""OECD 국가 중 한국만 고교 무상교육 정책이 없다""",True,네이버뉴스 댓글 이용자,1505,출처: 4월 9일 언론보도 댓글
915,2,"""지난 1년 동안 30대 기업 중 압수수색 안 당한 곳이 한 군데도 없다""",False,정유섭,1446,출처: 3월 21일 국회 경제 분야 대정부 질문 자료
916,2,"전두환 추징금 시효, 내년이면 만료된다",False,언론 보도,1443,
921,2,신용카드 소득공제 축소는 서민 증세?,True,한국납세자연맹,1402,
922,2,"""일자리 정책에 54조를 썼지만, 결과는 19년 만의 최악의 실업이다.""",True,나경원,1407,
923,2,"""무디스가 올해 한국경제성장률을 2.1%로 대폭 낮췄다.""",True,나경원,1406,
924,2,"""지난해 4분기 1분위 근로소득이 36.8% 떨어졌다.""",True,나경원,1405,
927,2,"""김대중, 노무현 정부 시절 대북지원액 중 순수 현금은 40만 달러""",False,유시민,1365,"출처: [고칠레오 2회] ""북한 핵 개발 자금 출처는 DJㆍ노무현정부"" 사실일까?"
928,2,"""탈원전으로 LNG 발전이 늘어 미세먼지가 두배로 급증한다""",False,"최연혜, 나경원",1363,"출처: ""탈원전으로 LNG 발전 2배 늘리면 2029년 초미세먼지 2배 짙어진다"""
929,2,"""편의점 사업, 점주는 가난해지고 본사만 살찌고 있다""?",False,우원식,1353,출처: CU본사와 점주 수익 역관계 심화…점주는 빈곤해지고 본사만 살찌는 구조 반복
934,2,"""일자리의 질은 지속개선되고 있다""",True,박광온,1344,출처: 제67차 최고위원회의 모두발언
939,2,"""脫원전-미세먼지 무관""?",False,김의겸,1299,"출처: 靑 ""미세먼지, 탈원전과 무관…中과 미세먼지 대책 공동연구"""
940,2,"""현 정부가 화력발전소를 7기나 새로 지어 화력발전소 비중이 증가했다""?",True,나경원,1297,
941,2,"""교육부가 직접 필요성을 입증한 법만 남기는 방식으로 교육 규제 완화했다""",True,이종태,1295,"출처: [전문] 청와대로 간 기업인들, 대통령과 무슨 얘기 나눴나?"
943,2,"""한국 성장률 최고, 양극화 최악""?",True,문재인,1285,
944,2,"“개성공단, 북한보다 우리가 더 큰 이득이다”?",True,문재인,1283,출처: [KBS LIVE] 문재인 대통령 신년 기자회견
946,2,"""장기간에 걸쳐, 기업소득 비중은 높아졌지만 가계소득 비중은 낮아졌다""",True,문재인,1279,출처: [전문]문재인 대통령 신년 기자회견 연설문
950,2,"""2017년 11월 바이백 취소는 국가부채 비율 높이기 위한 것""",False,신재민,1270,출처: 내가 기획재정부를 나온 이유 2
951,2,적자 국채 발행해서 북한을 지원하려 했다,False,인터넷 루머,1268,출처: 신재민사건 사람들은 모르는 놀라운 사실 하나 알려줄까? - 주식 갤러리
952,2,"""최저임금 산정위원회에 최저임금 당사자인 소상공인, 자영업자들이 위원으로 들어가 있지 않다.""",False,홍준표,1261,출처: [TV홍카콜라 LIVE On-Air] 이벤트 라이브 - 1부
953,2,"""2018년도 소비는 좋았다""",False,문재인,1260,
960,2,“수상태양광발전소는 중금속 범벅이다”,False,언론 보도,1226,"출처: ""새만금, 맹독성 호수로 전락할 것"""
964,2,"""한국 신재생에너지 뒤쳐져 부끄러운 수준""?",True,문재인,1180,
966,2,수상 태양광 설비는 중금속 덩어리,False,발언인 없음,1137,
967,2,"""글로벌 경기는 순항, 우리 경제는 하강 국면""",False,황교안,1131,출처: 황교안 Hwang Kyo-ahn
968,2,"""서울 집값 현 정부 이전에 더 올랐다""",False,박홍근,1108,
970,2,"""새누리당은 경제민주화 때문에 몰락하기 시작""",False,전원책,1101,
973,2,"국민연금공단 기금운용본부가 전주로 이전한 후, 해외투자자가 국민연금을 '패싱'한다",False,언론 보도,1056,"출처: [단독] 글로벌 큰손, 서울 와도 전주까진 안 들러 ‘국민연금 패싱'"
975,2,“청와대를 비롯한 주요 부처들이 예산 지침을 어기고 업무추진비를 사용이 금지된 곳에서 사적으로 유용한 사례를 무수히 발견했다”,False,심재철,1044,
976,2,'기금운용본부장(CIO) 인선난'은 국민연금공단 기금운용본부의 전북 이전 때문이다,False,언론 보도,1031,출처: Want to Oversee the World’s Third-Largest Pension Fund? There’s Just One Catch
980,2,집값 안 잡히면 서울 전역에 종부세 부과?,False,인터넷 루머,1024,
982,2,자유한국당 의원 다수가 강남에 집이 있다?,True,발언인 없음,1018,
986,2,"""올해 발표된 가계 소득 동향 자료는 표본이 당초 5500개에서 8000개로 늘어났고, 분위 샘플 수도70%가 교체돼 2017년과...",False,김정우,981,출처보기>
990,2,"""2분기 소득부문 가계동향조사 결과는 신뢰도 문제가 있으며, 특히 시계열적으로 분석한 것은 오류다.""",False,심상정,977,
996,2,"""일본 정부는 전기요금에 개입할 여지조차 없다"" ?",False,홍익표,926,
998,2,김동연 경제부총리가 삼성 이재용 부회장에게 머리를 조아렸다,False,인터넷 루머,921,
1005,2,"""원전 가동에 터무니없는 왜곡""",False,문재인,888,"출처: 문대통령 ""특별재난수준 폭염대책 필요,전력계획 소상히 밝히라"" | 연합뉴스"
1022,2,"""문재인 정부가 지난 9년간 살린 살림을 들어먹고 있다""",False,홍준표,798,"출처: 홍준표 공동선거대책위원장, 서울 서초 고속버스터미널 앞 유세 주요내용[보도자료]"
1023,2,"""고용된 근로자의 임금은 다 늘었다. 최저임금 인상과 소득주도성장의 긍정적 효과가 90%""",True,문재인,800,"출처: 문대통령 ""최저임금 인상, 긍정적 효과 90%""… 비판 정면돌파"
1024,2,"""서울시장 취임 첫날 재개발, 재건축 도장을 찍겠다""",False,김문수,790,
1026,2,"""우리나라처럼 지역에 관계없이, 직종에 관계없이 동일한 최저임금 제도를 도입한다는 것은 전 세계에 없다""",False,이용구,751,
1039,2,“대외경제정책연구원의 유럽 사무소 설치 예산을 전액 삭감했다”,False,김기식,662,출처보기>
1041,2,최저임금이 오르면 물가도 오를까?,False,발언인 없음,631,
1057,2,"미국의 철강 통상압력, 외교실책 탓인가",False,자유한국당,522,"출처: 한국당 ""미국의 통상압력은 文정부의 친북-친중 외교 때문"""
1065,2,최저임금 인상하면 실업률 높아지나,False,국민의당,488,"출처: 국민의당, ""최저임금 인상 역효과 많다"" 정부에 날 세워 - KNS뉴스통신"
1069,2,"""가상통화가 외환 유출 통로가 되고 있다""는 주장은 사실일까",False,관련인 없음,444,
1070,2,‘가상화폐 실명전환’ 거부하면 과태료 물어야 한다?,False,금융당국,441,출처: 가상화폐 거래 가상계좌 실명전환 거부하면 과태료 낸다 | 연합뉴스
1078,2,한국은 정말 조세회피처인가?,False,유럽연합,388,
1079,2,공무원 늘려 '국가부도' 위기 우려?,False,정우택,386,
1082,2,"종교인 과세, 기준-절차 불명확하다?",False,김진표,371,
1086,2,미국차 '무역 장벽' 때문에 팔기 어렵다?,False,트럼프,359,
1089,2,"""한국경제가 기회를 잡아야할 시기에 도움이 되지 않는다""
사이버사령부 댓글 사건 수사에 대해 이명박 전 대통령이 한 발언.",False,이명박,335,
1090,2,"문재인 대통령이 ""KEB하나은행 문제에 관심을 갖고 조치를 취해달라""는 금융노조의 요청에 즉석에서 대응을 지시했다?",False,금융노조,330,
1094,2,"""특수학교가 들어서면 집값이 떨어진다""",False,관련인 없음,260,출처: [레이더P 팩트체커] 강서 특수학교 갈등의 진실③ 땅값이 떨어진다고?
1095,2,"""3년간 특수학교 21개교와 특수학급 2300여 학급을 대폭 신·증설""",False,교육부,259,출처: [레이더P 팩트체커] 강서 특수학교 갈등의 진실② 혼란 부추긴 관치
1096,2,"""특수학교 대체부지 확보했는데 교육청 탓에 원점""",False,김성태,258,출처: [레이더P 팩트체커] 특수학교 갈등의 진실① `임대와 섞이기 싫다`
1097,2,"""현 정부에서 호남예산이 깎이고 있다""",False,안철수,262,"출처: 안철수, ""文정부, 호남 SOC 예산 삭감 너무해"" 연일 맹폭 - the300"
1101,2,"이혜훈 대표 ""핀셋증세 세수 3~4조 그친다""는 발언.",True,이혜훈,224,출처: [레이더P 팩트체크] 이혜훈 핀셋증세 세수 3~4조 그쳐
1103,2,'급전지시'로 전력 예비율 부풀렸다?,False,자유한국당,223,
1105,2,최저임금 인상으로 9급 공무원보다 아르바이트생의 급여가 더 많아졌다는 주장,False,관련인 없음,208,
1106,2,누진제 논란 1년...전기요금 인하에 효과 있었다?,True,관련인 없음,209,
1110,2,"文·여당 ""탈원전은 세계적 추세"" 사실은?",False,문재인,197,출처: [레이더P 팩트체커] 文·여당 탈원전은 세계적 추세
1112,2,"트럼프 미국 대통령의 한미FTA 재협상 요구, 거부할 수 있을까?",False,트럼프,193,
1113,2,"주호영 “文, 2012년에 한미FTA 재협상 공약“",True,주호영,192,"출처: [레이더P 팩트체커] 주호영 “文, 2012년에 한미FTA 재협상 공약“"
1114,2,OECD 국가 중 산업부에 통상기능 둔 나라가 더 많다?,False,국정기획자문위,181,출처: [레이더P 팩트체크] OECD국가 중 산업부에 통상기능 둔 나라 더 많다?
1115,2,‘100원택시` 총리후보자 아이디어였나,False,문재인,170,출처: [레이더P 팩트체커] ‘100원택시` 총리후보자 아이디어였나
1116,2,문재인 “한미 FTA는 우리가 한거죠”,True,문재인,153,
1118,2,"洪 ""한국, 비정규직 더 많고 직원 해고하기 세계에서 가장 어려워""",False,홍준표,108,"출처: 洪 한국,비정규직 더 많고, 세계에서 해고하기 가장 어려워"
1121,3,핀란드 기본소득 실험 실패했다,False,"SNS, 인터넷 커뮤니티",2318,
1122,3,"""이용수 할머니의 기자회견 내용이 일본 극우의 주장과 똑같다""",False,국내외 온라인 커뮤니티 및 일본 정치인,2300,출처: 국내 트위터 이용자
1123,3,논란이 되는 정의기억연대가 소녀상에 책임을 지는 주체다?,False,산케이 신문,2290,출처: 5월 20일 산케이 신문 논평 '반일 집회 중단과 소녀상 철거'
1124,3,최근 공개된 5.18 기밀 해제 문서에 새롭게 드러난 엄청난 진실을 정부와 언론이 숨긴다.,False,온라인 커뮤니티 및 보수 유튜버,2286,"출처: 가로세로 연구소 유튜브 ""5.18 기밀 문서 해제 관련 영상"""
1125,3,최근 공개된 미국 기밀문서에 5·18은 김대중 추종자와 간첩들이 일으킨 폭동이라고 규정돼있다.,False,온라인 커뮤니티 및 보수 유튜버,2287,출처: 가로세로 연구소 유튜브
1126,3,"""미국 권위자 미베인 교수가 한국 선거는 조작이라고 했다""",False,유튜브 이용자,2265,출처: 유튜브 '도람뿌' 등
1127,3,"""백악관 청원하면 '국제선관위'가 한국 조사한다?""",False,온라인 커뮤니티 및 보수 유튜버,2260,출처: 보수 유튜버 '한국인과 진실' 백악관 청원 관련 주장
1128,3,국제원유가 마이너스면 국내 휘발유 공짜다,False,인터넷 커뮤니티 및 SNS,2243,
1134,3,"""일본 정부는 일본 내 가구당 40장씩 마스크를 무료 배포한다?""",False,언론 보도 및 온라인 커뮤니티 이용자,2126,출처: 3월 8일 온라인 커뮤니티
1146,3,개인 소비자가 마스크 사재기해도 단속된다?,True,발언인 없음,2062,
1147,3,"""세계 어느 나라도 중국인 입국 금지를 하지 않았다.""",False,이재정 대변인,2052,출처: 2020년 1월 29일 국회 브리핑
1155,3,정부가 마스크 공장 물량 다 가져가서 판매할 물량이 없다?,False,온라인 커뮤니티 이용자,2040,출처: 온라인 커뮤니티 이용자 및 관련 보도 다수 댓글 등
1157,3,"중국 당국이 공문을 통해 ""마늘이 예방책""이라고 권고했다?",False,유튜버 및 온라인 커뮤니티 이용자,2022,
1164,3,"""고등학생에게 선거권을 주는 나라는 전 세계에서 우리밖에 없다.""",False,인터넷 뉴스 댓글 이용자,1995,출처: 만18세 선거권 관련기사 댓글
1170,3,"""유니클로가 발열 내의를 나눠주니까 한국의 불매 운동이 중단됐다""",False,일본 트위터 이용자,1941,
1176,3,“이자스민 전 의원은 필리핀에 다 퍼준다”,False,온라인 뉴스 댓글 이용자,1925,출처: 온라인 뉴스 댓글
1177,3,"""'성노예'라는 표현은 사실(事實)에 반(反)하므로 사용해서는 안 된다""",False,일본 외무성,1913,
1178,3,"""생중계, 관중, 취재진 없이 경기 운영한 북한을 월드컵에서 제외하자""",False,온라인 이용자,1870,출처: 온라인 커뮤니티 이용자 및 관련 보도 다수 댓글 등
1179,3,"피의사실공표죄, 한국에만 있다?",False,인터넷 뉴스 댓글 이용자,1857,출처: 피의사실공표죄 관련 기사 댓글
1182,3,"""기자들의 17개 질문 중 문 대통령이 답한 것은 하나도 없고, 트럼프 대통령의 원맨쇼만 또다시 펼쳐졌습니다.""",False,심재철,1851,출처: 2019.09.25 자유한국당 연석회의
1183,3,"문재인 대통령의 의전차량이 외국 국가원수용, 의전용 VIP 리무진이 아니라 미국에서 중요 범죄자나 중요 증인들을 호송할 때 쓰는 ...",False,유튜버 및 온라인 커뮤니티 이용자,1852,
1189,3,"""욱일기가 정치적 의미에서 결코 선전(물)이 되지 않는다고 생각한다""",False,하시모토 세이코 일본 올림픽상,1833,출처: 9월 12일 신임 장관 취임식
1192,3,"""日 찾은 한국인 관광객 7.6% ↓""... 불매운동 효과 없었다?",False,온라인 커뮤니티 이용자,1793,출처: 커뮤니티
1193,3,"""일본 적산 되돌려줘야 한다""",False,보수 유튜버,1792,출처: 보수 유튜버 주장
1194,3,"""문정인 주미 대사 거부는 워싱턴(미국)의 외교농단""",False,김종대,1785,출처: 김종대 의원 페이스북 게시 글
1195,3,"""미 국방부 산하 교육기관인 국방대학이 한국-일본과 ‘핵 공유론’을 제안했다.""",False,언론 보도,1783,"출처: 연합뉴스 <美국방대, 유사시 美전술핵 韓日과 공유 방안 제안> 기사"
1197,3,"""도쿄 방사성 물질, 기준치 네배 초과""",False,최재성,1775,출처: MBC라디오 김종배의 시선집중 인터뷰 도중 발언
1198,3,"""남북간 경제협력으로 평화경제가 실현된다면 단숨에 일본경제의 우위를 따라잡을 수 있다""",False,문재인,1768,출처: 8월 5일 청와대 수석보좌관회의
1199,3,일본 화이트리스트 제외가 국내 석유화학 산업에 타격을 준다.,False,발언인 없음,1755,
1203,3,“한국은 협정상 의무에 따라 18일까지 중재에 응해야 한다.”,False,고노 다로,1716,
1204,3,"“한국 정부는 2005년 8월, 일본에서 받은 무상자금에 강제동원으로 고통받은 역사적 피해 보상금도 포함돼 있다고 공표했다.”",True,고노 다로,1713,
1205,3,"""한국을 화이트 국가에서 제외하는 것은 세계무역기구(WTO) 협정에 있어 아무 문제가 없다.”",False,고노 다로,1712,
1206,3,"“재래식 무기에 대해 캐치올 규제를 도입하지 않는 등 한국 내 수출관리제도가 꼭 충분하지는 않다.""",False,고노 다로,1711,
1208,3,"""과거 유사사례를 봐도 (북한주민)송환까지는 2~5일이 걸렸다.""",False,김연철,1709,
1210,3,"""한국 기업이 납품기한을 짧게 요청해 수출관리에 문제가 있다.""",False,일본 경제산업성,1705,
1211,3,"""한국의 캐치올 제도(전략물자통제)가 제대로 이루어지지 않는다.""",False,일본 경제산업성,1703,
1212,3,"""한국, 일본산 불화수소 북한으로 반출했다""",False,언론 보도,1702,출처: 7월 10일자 후지TV 보도
1213,3,"""일본이 수출 규제를 풀지 않으면 이달말 반도체 공장 가동이 중단될 수 있다.""",False,언론 보도,1701,출처: 2019년 7월 5일 기사
1214,3,"""특정 시기 에칭가스 대량발주가 이뤄졌고, 이후 한국 기업에서 행방이 묘연해졌다.""",False,일본 자민당,1697,출처: 일본 자민당 간부 발언 보도
1216,3,"""문재인 대통령, 일본 공항에서 환대 받지 못했다""",False,민경욱,1682,출처: 민경욱 자유한국당 대변인 페이스북
1218,3,"""한·미 정상 통화 내용 공개는 국민의 알 권리를 위한 것""",False,강효상,1599,출처: 5월 23일 자유한국당 회의
1220,3,"""국제노동기구(ILO) 핵심협약 비준 시 전교조가 자동으로 합법화된다?""",False,발언인 없음,1597,
1222,3,"""'한국당 빼고 패스트트랙 지정'은 北 지령""",False,보수 유튜버,1569,
1223,3,"""삼겹살 가격 급등은 아프리카돼지열병(ASF) 때문이다?""",False,발언인 없음,1568,
1224,3,"""천황 호칭이 외교적 관례, 타 국가들도 '천황' 사용""",True,고민정,1551,출처: 5월 1일자 조선일보 기사
1225,3,트럼프 대통령이 '전화 한 통화로 방위비 분담금을 인상했다'고 겨냥한 국가는 한국,True,언론 보도,1548,
1227,3,"""노르웨이 국부펀드 한국 채권 매각은 악재다?""",False,발언인 없음,1513,출처: 4월 8일 언론보도
1228,3,"""북한 산엔 산불에 탈 나무가 없다""",True,김문수,1486,출처: 4월 6일자 김문수 페이스북 게시글
1229,3,"""휴전선 일대에도 산불이 간혹 나지만, 풀이나 덤불 정도""",False,김문수,1489,출처: 4월 6일자 김문수 페이스북 게시글
1230,3,'2019 통일백서' 속 북한인권 내용이 전년보다 부실해졌다,False,언론 보도,1456,출처: 다수 언론의 문제 제기
1231,3,"문 대통령, 말레이 총리에 건넨 인니어 인사말은 외교 결례",False,언론 보도,1439,출처: 다수 언론의 문제 제기
1234,3,미국의 최저임금이 새해 최대 44% 인상됐다,False,언론 보도,1275,
1237,3,"북아프리카 통해 온 스페인 난민 급증, 리비아 수용소 때문?",False,국회 국민인권포럼,1237,
1238,3,"포퓰리즘, 좌·우 이념과는 별개다?",True,국회 국가혁신을 위한 연구모임,1238,
1239,3,'동북아 슈퍼그리드'는 에너지 종속국을 자초하는 사업이다.,False,정용기,1236,
1244,3,"위안부 합의 파기, 국제법 위반이다?",False,발언인 없음,1177,"출처: 日외상 ""위안부 합의는 국제약속…韓,정권 바뀌어도 지켜야"""
1245,3,대체복무는 '현역 복무기간의 1.5배 이내' 국제기준 없다?,False,국가인권위원회,1160,
1246,3,"""일본, 강제징용 배상 의무 없다""",False,일본 관료들,1132,출처: 일 나카소네 전 외무상  “한국은 국가의 몸 못갖춰” 망언
1247,3,"""글로벌 경기는 순항, 우리 경제는 하강 국면""",False,황교안,1131,출처: 황교안 Hwang Kyo-ahn
1248,3,"""북한에 대한 인도적 지원 전무""",False,송영길,1090,"출처: 송영길 ""제재 완화도 없이 비핵화하라니… 美 핵 포기 강요… NPT는 불평등 조약"""
1249,3,종전선언 후에도 외국군대가 주둔하는 나라는 없다,False,인터넷 루머,1046,
1250,3,엘리엇과의 8천억 소송에서 이기기 위해 법무부가 삼성편을 들고 있다.,False,김어준,1007,출처: 청와대 국민소통 광장 > 국민청원
1251,3,"""제주4.3은 미국과 관련이 없다""",False,미국 국무부,998,
1252,3,"""청와대나 대통령은 해외 자원개발 사업에 직접적인 관여를 하지 않았다""",False,이명박,956,
1253,3,"""이라크 쿠르드 유전개발 사업은 유망성이 높은 사업이다""",False,한국석유공사,957,
1256,3,"""난민협약, 난민신청자 보호하라는 것 아냐""",False,김진태,866,
1262,3,리용호 북한 외무상이 트위터에 북미정상회담 관련 트윗을 올리고 문재인대통령에게 감사를 표했다.,False,인터넷 루머,816,출처: [북한 리용호 트위터] 문재인 이 일을 만들어 주셔서 감사합니다
1263,3,문재인 대통령이 군사분계선을 잠깐 넘어간 것은 국가보안법 위반?,False,인터넷 루머,718,"출처: '금단의 선' 넘은 文대통령 국보법 위반?…""통치행위"""
1264,3,"""리비아 카다피는 핵무기를 포기해서 죽었다""",False,밥 코커,707,"출처: 'Obviously, Kim Jong Un has learned about public relations': GOP senator"
1265,3,"""리비아식 해법도 사실상 단계적 비핵화""",True,청와대,694,
1266,3,"""한미연구소(USKI) 예산 중단 결정은 정당한 절차에 의한 것이다""",False,청와대,665,
1267,3,북한 여행자 보험 상품 정말 없나?,False,통일부,660,
1270,3,한국(남한)은 평화협정 서명자가 될 수 없다,False,북한,654,
1271,3,"""경찰이 구속하는 나라는 없다""",True,문무일,647,출처: “자치경찰제 도입 없인 수사권 조정 없다”…검·경 갈등 재점화
1273,3,최저임금이 오르면 물가도 오를까?,False,발언인 없음,631,
1274,3,"""최저임금 올리면 일자리가 줄어든다""",False,발언인 없음,630,
1275,3,최저임금 인상은 경제에 악영향을 미친다?,False,발언인 없음,629,
1280,3,"""'토지공개념'이 사회주의 제도""?",False,전희경,615,
1282,3,"""한국이 중국 철강을 환적-우회 수출하고 있다""",False,윌버 로스,574,"출처: 美, 한국을 중국산 철강 우회수출 통로로 여기지만 우리나라 對美 수출물량 중 중국산 가공품 2.4%뿐"
1283,3,"""한국산 철강재가 미국 철강산업을 잠식한다""",False,미국철강협회와 철강제조협회,575,출처: 미국 철강업계도 트럼프에 무역조치 촉구
1286,3,"""한미 FTA는 미국에 손실만 낳았다""",False,트럼프,576,"출처: 트럼프 ""한국과 매우 나쁜 무역협정…손실만 낳았다""(종합)"
1287,3,"""한국산 딸기는 일본에서 유출된 품종을 교배해 만들었다""",True,사이토 겐 일본 농림수산상,560,출처: 韓国イチゴに農水相「日本品種が流出」カーリングで注目：朝日新聞デジタル
1289,3,2014년 한미방위비분담 특별협정에서 민감특수정보시설만 현금지원 이면합의?,True,발언인 없음,528,출처: 외통위 '2014년 한미 방위비분담 이면합의' 의혹 도마 위에
1291,3,"미국의 철강 통상압력, 외교실책 탓인가",False,자유한국당,522,"출처: 한국당 ""미국의 통상압력은 文정부의 친북-친중 외교 때문"""
1292,3,4월 한반도 전쟁? 소문의 근거 따져보니,False,관련인 없음,519,
1293,3,"""북한은 더 춥다. (남한은) 그렇게 추운 날씨는 아닌 것 같다""",True,북측 관계자,487,"출처: 北 선수, 한국 한파에 “북한은 더 춥다”…남북 단일팀 첫 출발 표정"
1294,3,"나경원 ""남북 단일팀 구성 및 한반도기 공동 입장으로 올림픽 헌장을 위반할 소지가 있다""",False,나경원,486,
1295,3,"""남북단일팀이 평창올림픽 유치조건""",False,권순욱,470,"출처: 뉴스신세계[18.01.22] 언론과 자유당, 집단정신분열/문대림 비서관을 아시나요?"
1297,3,IOC 대변인이 나경원 의원을 비판했다?,False,관련인 없음,461,
1298,3,'한반도기' 합의...평창에서 태극기 사라진다?,False,관련인 없음,456,
1299,3,"""가상통화가 외환 유출 통로가 되고 있다""는 주장은 사실일까",False,관련인 없음,444,
1300,3,“서해 군 통신선 복원” 북한의 주장 사실인가?,False,리선권,439,"출처: 서해 통신선 문제로 얼굴붉힌 남북…軍, 복원 사실 몰랐나"
1301,3,"""핵무기, 철두철미 美겨냥, 동족겨냥 아냐""",False,리선권,433,"출처: [팩트체커] 北리선권 핵, 철두철미 美겨냥 동족겨냥 아냐"
1304,3,[가짜뉴스] 청와대 직원 500명 '탄저균' 예방접종?,False,청와대,405,출처: [뉴스타운TV] 충격! 5천만 국민 몰래 탄저균 백신 구입해 혼자만 살겠다는 문재인과 청와대 주사파들
1305,3,이스라엘 통신비 인하는 실패한 포퓰리즘 정책이다?,False,관련인 없음,202,출처: [기자의 시각] 이스라엘의 통신비 矯角殺牛
1306,3,"문재인 대통령이 방중 일정 동안 거의 '혼밥'을 하고, 베이징 도착 당시에도 중국 측이 의전에 소홀했다는 지적이 제기된다. 사실일까?",False,문재인,395,"출처: 한국당 ""기자폭행은 한국 테러"" 바른정당 ""외교적 결례를 넘어 의도적 모욕"" - the300"
1307,3,한국은 정말 조세회피처인가?,False,유럽연합,388,
1308,3,공무원 늘려 '국가부도' 위기 우려?,False,정우택,386,
1309,3,북한 '해상봉쇄' 가능한가?,False,송영무,380,
1310,3,북한 '핵보유국 인정' 할 수 있나?,False,김정은,378,
1311,3,파견노동자 확대가 세계적 추세?,False,김광림,375,
1312,3,"트럼프, 독자적 군사행동 할 수 있다?",False,트럼프,373,
1313,3,"트럼프 '1박 2일 방한', 한국 홀대인가?",False,안철수,369,
1314,3,노벨평화상 취소 가능한가?,False,국정원,368,
1315,3,"박근혜 구금, 국제표준 어긋난다?",False,박근혜,367,
1316,3,"""전세계 어디를 가도 대통령 기념관에 대통령 동상이 없는 곳은 없다""",False,박정희기념재단,336,
1317,3,국내 거주 미국인 후송 훈련(NEO)가 대북 군사행동 징후일까?,False,관련인 없음,318,
1320,3,"(한국 정부가 북한에 인도적 지원을 하는 것은) ""북한에 대한 압박을 훼손하는 행동이다""",False,스가 요시히데 일본 관방장관,263,출처: '시기·규모' 유보한 대북 인도지원 결정…왜? - the300
1321,3,미국은 한국의 승인없이 북한에 대한 군사 공격을 할 수 있나?,True,버웰 벨 전 주한미군사령관,233,"출처: [팩트인 뉴스] 美, 韓 승인없이도 北 공격 가능할까"
1324,3,"文·여당 ""탈원전은 세계적 추세"" 사실은?",False,문재인,197,출처: [레이더P 팩트체커] 文·여당 탈원전은 세계적 추세
1325,3,"""미국, 한·미FTA 개정 협상 개시 선언했다""는 보도, 사실일까?",False,관련인 없음,195,"출처: 美, 한미FTA 개정협상 요구…다음달 특별공동위 소집 추진 | 연합뉴스"
1326,3,"트럼프 미국 대통령의 한미FTA 재협상 요구, 거부할 수 있을까?",False,트럼프,193,
1327,3,"주호영 “文, 2012년에 한미FTA 재협상 공약“",True,주호영,192,"출처: [레이더P 팩트체커] 주호영 “文, 2012년에 한미FTA 재협상 공약“"
1328,3,"트럼프 미국 대통령 ""FTA 재협상은 이미 시작됐다""는 발언. 이로 인해 한국 내에서 '한국 동의' 없이도 재협상을 의무적으로 참...",False,트럼프,190,
1329,3,"文 ""대선때 한미훈련 축소하자고 말한 적 없다"" 사실은?",False,문재인,185,출처: [레이더P 팩트체커] 文 대선때 한미훈련 축소하자고 한 적 없다
1330,3,OECD 국가 중 산업부에 통상기능 둔 나라가 더 많다?,False,국정기획자문위,181,출처: [레이더P 팩트체크] OECD국가 중 산업부에 통상기능 둔 나라 더 많다?
1332,3,"“北에 준 돈, 이명박·박근혜 정부 때 더 많았다”는 文의 주장은…",False,문재인,119,
1333,3,스모그 프리 타워가 주변 미세먼지를 60% 정화한다는 주장.,False,안철수,66,"출처: 안 스모그 프리 타워, 주변 미세먼지 60% 정화"
1334,3,"Q: 자유한국당 홍준표 경남지사가 위안부 합의에 대해 ""대통령이 되면 합의를 파기할 것""이라고 했습니다.",True,홍준표,9,"출처: 홍준표 집권하면 위안부합의 파기, 협의없이 가능"
1336,4,재일 교포의 증언이 군함도에서 조선인 차별 없었다는 증거다,False,일본 SNS 이용자들,2353,출처: 일본 SNS 등 온라인 매체
1337,4,한국은행이 5만 원권 지폐 발행을 중단했다?,False,온라인 커뮤니티 이용자,2354,출처: 온라인 커뮤니티 게시글
1340,4,"인천공항 정규직 전환, 알바로 들어와 노력 없이 정규직 대우받는다?",False,청와대 국민청원,2350,"출처: 청와대 국민청원 및 각종 언론보도, 온라인 커뮤니티 등"
1342,4,"""248억 들인 건물 폭파, 국제법상 보상받을 수 있다“",False,태영호,2345,출처: 페이스북
1344,4,"""박주민 의원이 발의한 주택임대차보호법 개정안은 세입자가 원하면 전월세 무한연장이 가능한 법이다""",False,언론 보도,2340,출처: 한국경제 <박주민 '전세 무한연장법' 발의…재산권 침해 논란 불가피>기사
1346,4,"대기업들의 미르재단, K스포츠재단 출연은 자발적이었다.",False,최서원(최순실),2335,
1349,4,"""드론으로 평양까지 대북 전단 1만 장을 보냈다""",False,자유북한운동연합,2324,출처: 다수 언론의 문제제기
1354,4,'비동의 간음죄' 법안이 남성만 차별하는 좌파 법안이다?,False,"SNS, 인터넷 커뮤니티",2311,
1356,4,지역코드 뺀 주민번호로 간첩 신분세탁이 용이해졌다,False,SNS 이용자,2302,
1357,4,"""이용수 할머니의 기자회견 내용이 일본 극우의 주장과 똑같다""",False,국내외 온라인 커뮤니티 및 일본 정치인,2300,출처: 국내 트위터 이용자
1363,4,논란이 되는 정의기억연대가 소녀상에 책임을 지는 주체다?,False,산케이 신문,2290,출처: 5월 20일 산케이 신문 논평 '반일 집회 중단과 소녀상 철거'
1364,4,"n번방 방지법, 카톡까지 들여다본다",False,온라인 커뮤니티 이용자,2279,출처: 유튜브 '신의 한수'
1365,4,최근 공개된 미국 외교문서에 5·18 당시 인민재판·처형 기록 있다,False,"보수 유튜버, 인터넷 이용자 등",2281,
1366,4,최근 공개된 5.18 기밀 해제 문서에 새롭게 드러난 엄청난 진실을 정부와 언론이 숨긴다.,False,온라인 커뮤니티 및 보수 유튜버,2286,"출처: 가로세로 연구소 유튜브 ""5.18 기밀 문서 해제 관련 영상"""
1367,4,6·25 유공자가 5·18 유공자보다 적은 혜택을 받는다,False,"SNS, 인터넷 커뮤니티",2289,
1368,4,최근 공개된 미국 기밀문서에 5·18은 김대중 추종자와 간첩들이 일으킨 폭동이라고 규정돼있다.,False,온라인 커뮤니티 및 보수 유튜버,2287,출처: 가로세로 연구소 유튜브
1380,4,"""백악관 청원하면 '국제선관위'가 한국 조사한다?""",False,온라인 커뮤니티 및 보수 유튜버,2260,출처: 보수 유튜버 '한국인과 진실' 백악관 청원 관련 주장
1381,4,채널A 기자가 이철(전 밸류인베스트코리아 대표)에게 '사실이 아니라도 좋다. 당신이 살려면 유시민에게 돈을 줬다고 해라.'고 말했다,False,최강욱,2241,
1386,4,민식이법은 스쿨존 사망사고에 대해 무조건 3년 이상의 징역을 내린다,False,이준석,2220,
1391,4,“선거지원금 반납해 투표 참가자에게 마스크 지급” 가능하다,False,안철수,2206,출처: 안철수 페이스북
1398,4,국회가 ‘제1호’ 청원을 법안에 반영했다,False,법제사법위원회,2183,출처: 법제사법위원회 보도자료
1416,4,학교에는 ‘일 안 해도 월급 받는 그룹’이 있다,False,조희연,2145,출처: 조희연 서울시 교육감 페이스북 페이지
1420,4,"‘美 CDC 코로나19 주의사항 10가지’, 사실이다?",False,인터넷 이용자,2135,
1421,4,"美의료진 60명, 주한미군 기지서 코로나19 백신 개발했다",False,온라인 커뮤니티 이용자,2134,
1425,4,"""일본 정부는 일본 내 가구당 40장씩 마스크를 무료 배포한다?""",False,언론 보도 및 온라인 커뮤니티 이용자,2126,출처: 3월 8일 온라인 커뮤니티
1431,4,중국에서 한국인만 차별한다?,False,온라인 커뮤니티 이용자,2116,
1433,4,기재부와 제약회사 사장들이 코로나 관련 회의한 결과?,False,온라인 이용자,2112,출처: 각종 온라인 게시판
1434,4,"10초 이상 숨을 참고, 불편함 없으면 코로나19 감염안된것?",False,온라인 이용자,2113,출처: 각종 온라인 게시판
1441,4,영국 정부는 산업 안전을 위해 각 기업에 구체적 지침이 아닌 포괄적 목표만 제시한다?,True,영국 정부 관계자,2097,출처: 영국 보건안전청(HSE)
1442,4,서울시가 관할 내 집회를 일시적으로 금지한 것은 월권행위,False,SNS와 커뮤니티 이용자,2093,출처: 온라인 커뮤니티 MLBPARK 게시글
1447,4,"""일상생활에서 ‘N95 마스크’가 코로나19 예방에 더 유리하다""",False,SNS와 커뮤니티 이용자,2086,
1448,4,코로나19 3번 확진자는 슈퍼전파자이다?,False,인터넷 뉴스 댓글 이용자,2081,
1449,4,"""정당 색은 특정 당의 소유물이 아니다.""",True,장지훈,2082,출처: 2020년 2월 13일 장지훈 국민당 창당준비위원회 부대변인의 논평
1450,4,"자외선·손 건조기, 바이러스 살균효과 있다?",False,네이버 블로그 이용자,2079,
1452,4,인종적 특성으로 동양인이 코로나바이러스에 취약하다?,False,일부 유럽인들,2077,
1454,4,'신종 코로나'로 휴업하면 직원 급여 안 줘도 된다?,False,발언인 없음,2073,
1455,4,"""종이행주 마스크, 신종 코로나바이러스 감염 방지 효과 있다.""",False,온라인 이용자,2071,출처: 소셜미디어(SNS) 영상
1456,4,"“공중화장실, 신종 코로나바이러스 위험지대”",False,언론 보도,2069,출처: 2월 3일자 홍콩 명보(明報) 신문
1458,4,비타민 C가 신종 코로나를 퇴치한다?,False,페이스북 이용자,2065,출처: 필리핀인의 페이스북 글
1459,4,"손 소독제 알코올 성분, 임산부에게 해롭다?",False,발언인 없음,2064,
1460,4,개인 소비자가 마스크 사재기해도 단속된다?,True,발언인 없음,2062,
1463,4,"""세계 어느 나라도 중국인 입국 금지를 하지 않았다.""",False,이재정 대변인,2052,출처: 2020년 1월 29일 국회 브리핑
1464,4,50도 고량주로 손 소독 가능하다?,False,발언인 없음,2058,
1466,4,마늘을 커피처럼 끓여서 마시면 신종 코로나 바이러스 전염병도 완치된다?,False,안상수,2038,
1467,4,정부가 마스크를 세금으로 구입해 중국에 퍼준다?,False,김순례,2036,출처: 2020년 2월 3일 국회 최고위원회의
1468,4,'신종 코로나' 때문에 국내에 중국인 난민 급증한다?,False,페이스북 이용자,2019,
1469,4,중국인 마스크 사재기 막으려고 마스크에 타이완기 그려넣었다?,False,SNS 이용자,2054,출처: 페이스북 게시물
1470,4,"""정부가 국민이 낸 건강보험료로 중국인에게 공짜·할인 혜택을 주고 있다.""",False,인터넷 뉴스 댓글 이용자,2051,
1472,4,신종 코로나바이러스는 에이즈를 일으키는 HIV와 유사하다,False,인도 대학 연구진,2043,출처: 바이오 아카이브 사이트 (보고서)
1473,4,"일회용 마스크, 일주일 써도 된다?",False,홍혜걸,2041,출처: 홍혜걸 의학박사 페이스북
1474,4,정부가 마스크 공장 물량 다 가져가서 판매할 물량이 없다?,False,온라인 커뮤니티 이용자,2040,출처: 온라인 커뮤니티 이용자 및 관련 보도 다수 댓글 등
1482,4,신종 코로나로 인해 모든 군 장병 휴가 제한?,False,온라인 커뮤니티 이용자,2024,
1483,4,"중국 당국이 공문을 통해 ""마늘이 예방책""이라고 권고했다?",False,유튜버 및 온라인 커뮤니티 이용자,2022,
1484,4,"신종 코로나바이러스, 눈을 바라만 봐도 감염된다",False,온라인 커뮤니티 이용자,2020,출처: 온라인 커뮤니티
1485,4,울산·창원에서 확진자가 나왔는데 보도가 안되고 있다?,False,온라인 카페 및 페이스북 이용자,2023,
1486,4,"신종 코로나바이러스, 몸이 닿기만 해도 감염된다.",False,중국 인민일보,2015,출처: 중국 인민일보 공식 트위터
1488,4,"""동대구역에서 신종 코로나 감염 환자가 방역복을 입은 사람들을 피해 도주 중이다""",False,페이스북 이용자,2018,출처: 페이스북 페이지 '대구는 지금' 게시글
1489,4,"""평택 수건 가게에서 방역복을 입은 사람들이 환자를 부축했다""",False,온라인 커뮤니티 이용자,2017,출처: 온라인 커뮤니티
1491,4,"우한 교민 전세기로 귀국, 전염 위험 늘린다?",False,온라인 이용자,2010,출처: '우한 전세기 투입' 뉴스 댓글
1492,4,"신종 코로나, 택배로도 전염된다?",False,온라인 이용자,2009,출처: 네이버 지식인
1495,4,"""산재 사고 사망자 수 감소한 이유는 불경기로 노동자 수 감소했기 때문이다""",False,인터넷 뉴스 댓글 이용자,1996,출처: 산재 사고 사망자 수 감소 관련 기사 댓글
1496,4,"""고등학생에게 선거권을 주는 나라는 전 세계에서 우리밖에 없다.""",False,인터넷 뉴스 댓글 이용자,1995,출처: 만18세 선거권 관련기사 댓글
1497,4,"""만 20세 되면 3천만원 지급 공약, 집단적 선거유도 매수죄로 공직선거법 위반""",False,민경욱,1990,출처: 페이스북
1498,4,"""비례○○당 불허는 그때는 맞고, 지금은 틀렸다는 '내로남불' 해석이다""",False,박완수,1989,출처: 2020년 1월 14일 국회 원내대책회의
1499,4,“검찰총장이 제 명을 거역한 것”?,False,추미애,1988,출처: 다수 언론의 문제제기
1500,4,"""만 18세가 되면 혼인이 가능하고 국방의 의무도 진다.""",True,박주민,1986,출처: 박주민 의원 과거 보도자료
1504,4,"""'민식이법'은 스쿨존에서 난 사고를 무조건 가중처벌하는 악법이다""",False,인터넷 커뮤니티 이용자,1945,출처: 인터넷 커뮤니티 '보배드림'
1505,4,"“(수정안 24조 2항은) 사개특위, 법사위에서 공식적으로 논의조차 되지 않았던 사항이 4+1 협의 과정에서 갑자기 포함된 것”",True,대검찰청,1971,
1506,4,"""주택보유자 증가 둔화는 다주택자가 늘었기 때문""?",False,박광온,1969,출처: 더불어민주당 최고위원회 발언
1510,4,영화 '블랙머니' 속 론스타 수사…대검 중수부가 사건 덮었다?,False,발언인 없음,1958,출처: 영화 '블랙머니' 내용
1511,4,"""한국당 총사퇴하면 국회 해산되고 조기총선으로 이어진다""",False,유튜브 이용자,1949,출처: 보수유튜버 '신의한수' 영상 댓글
1512,4,“한국이 분담금 1년에 5억 달러 더 내기로 했다”,False,트럼프,1947,출처: 연합뉴스
1513,4,‘청소년 에이즈 감염 원인은 동성애?’,False,이동섭,1944,출처: 국회 운영위원회 전체회의 발언 (이동섭 바른미래당 의원)
1514,4,"""유니클로가 발열 내의를 나눠주니까 한국의 불매 운동이 중단됐다""",False,일본 트위터 이용자,1941,
1515,4,"""한·중·일 공동 미세먼지 연구 결과는 과학적 의미가 없다""",False,인터넷 뉴스 댓글 이용자,1943,출처: 한·중·일 공동 미세먼지 연구 관련 기사 댓글
1516,4,법원이 테러조직 조직원을 난민으로 인정했다?,False,온라인 커뮤니티 이용자,1939,출처: 온라인 커뮤니티
1517,4,“북한의 해안포 사격훈련은 ‘9·19 군사합의'를 위반한 것”,True,국방부,1938,출처: 국방부 11월 25일 월요일 일일 브리핑
1518,4,"""진술 거부는 정당한 사법작용을 무시하는 것이다""",False,손학규,1935,출처: 2019년 11월 15일 국회 최고위원회의서 발언
1519,4,"""철도노조 파업 군 투입은 법적 근거 없다""",True,이정미,1934,"출처: 이정미 의원 11월 12일 보도자료 내용, 11월 13일 국회 정론관 기자회견 발언"
1520,4,"'16명 살해' 북한 선원들, 한국에서 처벌 가능하다",False,김재원,1936,
1521,4,"""페스트는 공기로도 전염된다""",False,인터넷 뉴스 댓글 이용자,1931,출처: 페스트 관련 기사 댓글
1522,4,"""철도노조 요구대로 하면 주 31시간 근무로 줄어든다""",False,김경욱,1929,출처: 다수 언론 보도
1524,4,“이자스민 전 의원은 필리핀에 다 퍼준다”,False,온라인 뉴스 댓글 이용자,1925,출처: 온라인 뉴스 댓글
1527,4,"""'성노예'라는 표현은 사실(事實)에 반(反)하므로 사용해서는 안 된다""",False,일본 외무성,1913,
1528,4,"""김재원 택시비 10만원 지불은 공직선거법 위반?""",False,인터넷 커뮤니티 이용자,1911,출처: 딴지일보 자유게시판
1529,4,"""연동형 비례대표제는 위헌이다""",False,나경원,1909,출처: 2019년 3월 25일 국회 기자간담회
1530,4,"""비례대표제 폐지는 위헌이다""",True,이인영,1908,출처: 2019년 11월 4일 국회 최고위원회
1536,4,"""19대 대선은 부정선거였다""",False,조원진,1891,출처: 2019년 10월 24일 행안위 종합국감 영상
1537,4,조국 전 법무부 장관의 정경심 교수 접견은 불법이다,False,온라인 뉴스 댓글 이용자,1890,출처: 온라인 뉴스
1538,4,"""공수처 설립은 여러 면에서 위헌이다""",False,주호영,1886,출처: 10월 23일 자유한국당 원내대표-중진의원 회의
1540,4,"공수처 같은 기관은 전 세계에 중국, 북한에만 있다?",False,홍준표,1884,출처: 홍준표 전 한국당 대표 페이스북
1541,4,"공수처 수사 대상에서 대통령, 국회의원이 빠져 무용지물 법이 됐다?",False,인터넷 뉴스 댓글 이용자,1883,출처: 공수처 관련 기사 댓글
1542,4,대통령이 공수처장·검사를 마음대로 임명할 수 있다?,False,인터넷 뉴스 댓글 이용자,1882,출처: 공수처 관련 기사 댓글
1543,4,"정경심 얼굴 모자이크 처리, 특혜다?",False,인터넷 뉴스 댓글 이용자,1881,출처: 연합뉴스 기사 댓글
1545,4,"일본 마스카라에서 방사능 검출, 근거 있다?",False,심기준,1876,
1547,4,"""생중계, 관중, 취재진 없이 경기 운영한 북한을 월드컵에서 제외하자""",False,온라인 이용자,1870,출처: 온라인 커뮤니티 이용자 및 관련 보도 다수 댓글 등
1548,4,"""지난 3년간 영장 심사 불출석 100% 영장 발부""",False,변희재,1869,출처: '변희재의 진실투쟁' 카페 등
1552,4,우리나라 정부 지출은 매년 '슈퍼 예산'?,False,언론 보도,1862,
1553,4,“특정 세력이 매크로(기계적 개입)를 사용했거나 네이버가 실검 순위를 직접 수정했다.”,False,김성태 (비례대표),1861,출처: 과기정통부 국감에서 김성태 의원 발언
1554,4,"피의사실공표죄, 한국에만 있다?",False,인터넷 뉴스 댓글 이용자,1857,출처: 피의사실공표죄 관련 기사 댓글
1556,4,日 원전 오염수 바다 방류 안전하다?,False,일본 정부·도쿄전력,1855,"출처: ""인체에 해가 없다""는 일본 정부와 도쿄전력 주장 보도"
1557,4,9월 28일 서초동 촛불집회에 200만 명이 모였다.,False,더불어민주당,1850,출처: 더불어민주당 브리핑
1559,4,"""많은 사례를 보면 임원에 여성이 함께하는 경우 영업실적이 더 좋아진다는 결과가 나와 있습니다""",True,이낙연,1849,출처: 제41회 국무회의(19.08.24)
1560,4,"""조국 법무부장관 수사에 검사 250명이 투입됐다""",False,온라인 커뮤니티 이용자,1844,출처: 온라인 커뮤니티
1561,4,"“조국 퇴진 시국선언 교수, 최순실 국정농단 때보다 많다”",False,언론 보도,1846,출처: 조선일보
1564,4,목재 껍질 벗기면 세슘에서 안전하다,False,일본 임야청,1841,
1565,4,"후쿠시마 목재 방사선량, 100% 신뢰할 수 있다?",False,후쿠시마현,1840,
1566,4,"후쿠시마 방사능 데이터, 오염 상태를 정확히 보여준다?",False,후쿠시마현,1839,출처: 후쿠시마현의 방사능 데이터
1567,4,"도쿄의 '방사능 핫플레이스', 엑스레이 100만번 찍는 양이다?",False,언론 보도,1838,
1568,4,'0.23μ㏜/h'는 방사능 안전 기준치이다,False,언론 보도,1837,
1570,4,"""욱일기가 정치적 의미에서 결코 선전(물)이 되지 않는다고 생각한다""",False,하시모토 세이코 일본 올림픽상,1833,출처: 9월 12일 신임 장관 취임식
1572,4,"""서울대생 79%가 장학금을 수령한다""",False,송기헌,1829,출처: 9월 6일 법무부 장관 후보자 청문회
1573,4,"""서울대 대학원생의 89.5%가 장학금을 받고 있다.""",False,송기헌,1823,출처: 9월 6일 법무부 장관 후보자 청문회
1575,4,“사모펀드 자체를 몰랐다.”,False,조국,1817,
1577,4,"""추석 기간 여행 예약률 일본이 2위다""",False,"다수 언론 매체, 온라인 커뮤니티",1814,출처: 8월 22일 중앙일보 보도
1578,4,"""이명박 정부 시절 '학부모 인턴십' 권장했다""",True,조국,1816,출처: 9월 2일 국회 기자간담회
1579,4,“딸 장학금 반납 안돼”,False,조국,1809,"출처: 조국 ""서울대 동창회 장학금 신청·연락안해…딸 반납 시도"""
1580,4,"""미 이민국 서울사무소 폐쇄가 한미동맹 균열 가져온다.""",False,유튜버 및 온라인 커뮤니티 이용자,1807,출처: 2019.08.13 유튜브 영상
1581,4,"""'광주일고 정권' 단어, 일베에만 있다""",False,김성회,1805,출처: 본인 SNS
1582,4,“문재인 정부 부울경 차별... 광주일고 정권”,False,나경원,1804,출처: 자유한국당 홈페이지
1585,4,"① 2분기 가계소득 상당히 개선됐다. 
② 고령화 탓에 분배가 나빠졌다.",False,이호승,1797,출처: 2018년 8월 25일 이호승 청와대 경제수석 브리핑
1587,4,"""日 찾은 한국인 관광객 7.6% ↓""... 불매운동 효과 없었다?",False,온라인 커뮤니티 이용자,1793,출처: 커뮤니티
1588,4,"조국 후보자 딸, '부정 논문' 확인되면 고려대 입학 취소 가능성 있다?",True,언론 보도 및 다수 커뮤니티 이용자,1791,"출처: 청와대 국민청원 및 각종 언론보도, 온라인 커뮤니티 등"
1589,4,분양가 상한제 하면 오히려 집값이 오른다,False,언론 보도,1730,출처: 다수 언론의 문제제기
1590,4,"""조국 후보자 딸의 논문은 '에세이'"" ?",False,이재정,1788,출처: 이재정 경기교육감 페이스북
1591,4,“문재인 대통령 길거리 지지율은 30% 이하”?,False,인터넷 뉴스 댓글 이용자,1787,출처: 대통령 지지율 관련 기사 댓글
1592,4,주52시간제 도입 이후 무리한 버스운행은 사라졌다,False,발언인 없음,1777,
1593,4,"""‘샌프란시스코 조약’으로 한국 강제동원 청구권 소멸됐다""",False,언론 보도,1776,출처: 일본 마이니치 신문 보도
1594,4,“박정희 또는 최순실 재산이 300~400조라고 말한 적 없다”,False,안민석,1770,출처: 안민석 의원 페이스북
1596,4,대일항쟁기 강제동원 피해자 관련 대법원 판결은 '강제징용 배상' 판결이다,False,언론 보도,1758,출처: 언론 보도
1602,4,"""유벤투스 버스에 경찰 에스코트가 제공되지 않은 상황에서 차가 막혀 경기 시작이 1시간가량 지연됐다.""",False,안드레아 아넬리 (유벤투스 회장),1745,출처: 안드레아 아넬리 회장이 한국프로축구연맹 앞으로 보낸 서한
1604,4,"""북한 인민군이 NLL(북방한계선)을 넘어 한국 땅 함박도에 주둔""",False,보수 유튜버,1735,출처: 보수 유튜버 주장
1606,4,분양가 상한제 하면 아파트 공급이 위축된다,False,언론 보도,1731,
1608,4,"""문재인 정부가 평택을 중국에 넘기려 한다""",False,다음 블로그 이용자,1727,출처: 블로그 게시글
1612,4,"""배와 비행기를 통해 모기가 이동한다.""",True,질병관리본부,1710,출처: 2019년 7월 16일 중앙일보 보도
1613,4,"""김명수 대법원이 (강제동원 피해 문제에 대한) 기존의 결론을 뒤집었다.""",False,심재철,1708,출처: 17일 자유한국당 당대표 및 최고위원-중진의원 연석회의
1615,4,"""유승준이 국내에 들어와서 최대 25%의 소득세를 내면, 세율 50%인 미국 세금은 내지 않아도 된다""",False,언론 보도 및 온라인 커뮤니티 이용자,1706,출처: 티브이데일리 보도
1623,4,"""문재인 대통령, 일본 공항에서 환대 받지 못했다""",False,민경욱,1682,출처: 민경욱 자유한국당 대변인 페이스북
1626,4,"""탄핵 반대 집회 사망 사고를 언론이 한마디도 싣지 않았다""",False,조원진,1679,출처: 6월 26일 국회 행정안전위원회 전체회의
1634,4,"""외국인 근로자에겐 숙식비 등 다른 비용까지 들어간다""",False,황교안,1663,출처: 6월 20일 자유한국당 최고위원회의 발언
1644,4,국제적으로 미세플라스틱 규제를 위한 노력이 이어지고 있다,True,발언인 없음,1642,
1647,4,"""대한민국역사박물관에서 이명박, 박근혜 정부 기록이 빠졌다""",False,유튜브 이용자,1638,출처: 6월 8일 유튜브 채널 신의한수 영상
1648,4,"""미국, 캐나다, 일본, 영국, 불란서(프랑스), 벨기에, 칠레 등 수많은 선진국이 다 업종별‧지역별 차등화를 하고 있다""",False,이혜훈,1635,출처: 6월 4일자 MBC라디오 '심인보의 시선집중' 인터뷰 내용
1650,4,"""노무현 전 대통령도 삼성으로부터 8000억원 걷었다""",False,김경재,1634,출처: 2016년 연설 내용이 담긴 기사링크
1652,4,"""'인보사'는 문재인 정부가 허용했다""",False,온라인 커뮤니티 이용자,1628,출처: 온라인 커뮤니티 <일간베스트> 게시글
1653,4,5G폰이 4G폰보다 저렴하다,False,발언인 없음,1627,
1657,4,"""국회 정보위원장 직권으로 서훈 국가정보원장을 소환할 수 있다""",False,이혜훈,1613,출처: 5월 29일 언론보도
1658,4,"""게임중독 질병 코드 지정은 UN 아동권리협약 31조 위반이다""",False,게임업계,1606,출처: 게임질병코드 도입 반대를 위한 공동대책 준비위원회 성명서
1659,4,"""대통령 지지 이유 1위 ‘모름’은 ‘묻지마 지지’다""",False,온라인 커뮤니티 이용자,1611,출처: 5월 27일 일간베스트 게시글
1660,4,"""수소는 가장 안전한 연료로 평가받는다""",False,정승일,1608,
1662,4,"""한·미 정상 통화 내용 공개는 국민의 알 권리를 위한 것""",False,강효상,1599,출처: 5월 23일 자유한국당 회의
1663,4,"""국제노동기구(ILO) 핵심협약 비준 시 대체복무요원 제도는 협약 위반이다?""",False,발언인 없음,1598,
1664,4,"""국제노동기구(ILO) 핵심협약 비준 시 전교조가 자동으로 합법화된다?""",False,발언인 없음,1597,
1665,4,"""슈피겔이 독일 탈원전 비판했다""",False,언론 보도,1592,출처: 조선일보 등 다수 언론 보도
1667,4,"""5·18 유공자 중에 82~88년생이 있다""",False,유튜브 이용자,1589,
1669,4,“정부 추경안에 산불 이재민 지원 비용 없다”,True,황영철,1586,출처: 한국당 원내대책 회의
1670,4,“대통령 직권으로 화폐단위 변경 가능하다”,False,유튜브 이용자,1585,
1678,4,"""한국의 최저임금은 OECD 평균이다"" ?",False,한국노동사회연구소,1574,출처: 연합뉴스 등 다수의 언론 보도
1679,4,"""3,000만 원 웃돌까 걱정했던 의료비가 '문케어'덕에 500만 원으로 경감""",False,보건복지부,1570,
1680,4,“文 정부 들어 서울 물가 세계 1위 등극”,False,온라인 커뮤니티 이용자,1571,출처: 커뮤니티
1681,4,"""'한국당 빼고 패스트트랙 지정'은 北 지령""",False,보수 유튜버,1569,
1682,4,"""삼겹살 가격 급등은 아프리카돼지열병(ASF) 때문이다?""",False,발언인 없음,1568,
1684,4,“적폐 수사·재판 관여하지 않고 있다”?,False,문재인,1564,출처: 5월 9일 문재인 대통령 취임 2주년 대담
1685,4,"""청년실업률 아주 낮아졌다""?",False,문재인,1562,출처: 5월 9일 문재인 대통령 취임 2주년 대담
1686,4,"""김상진의 시위는 공무집행방해 범죄 사실과 전혀 부합하지 않는다""",False,자유연대,1560,출처: 5월 8일 자유연대 유튜브 영상
1688,4,"""베트남 접속자 증가, 청와대 국민청원 서명 조작 정황""",False,인터넷 루머,1552,출처: 4월 30일자 국제신문 보도
1689,4,"""한국당 해산 청원 100만명 중 14만명 이상이 베트남에서 접속했다""",False,정용기,1553,"출처: 국민일보 기사 <한국당 의원들, 靑청원 조작 의혹 제기 “베트남 접속자 14만명”>"
1694,4,"""남북정상회담에서 김정일이 '5.18 북한군 침투'를 인정했다""",False,SNS 이용자,1540,출처: 3월 26일 네이버 블로그 게시물
1696,4,"""박근혜 전 대통령, 법리상 실형 2년 산 것으로 보고 석방 가능""",False,최교일,1531,출처: 4월 17일 언론보도
1698,4,"""서해 페리호, 삼풍백화점 참사는 보상을 받지 못했다""",False,지만원,1525,출처: 4월 17일 시스템클럽 게시물
1699,4,“ILO 협약 비준해도 공무원·교사 파업 불가능”,True,한정애,1524,출처: 한정애 의원 보도자료
1700,4,"""이승만이 일제강점기 현상금 1위""",False,정미경,1520,
1701,4,"""세월호 유가족, 개인당 10억원의 보상금 받았다.""",False,차명진,1517,"출처: 연합뉴스, <차명진 ""세월호 유족, 징하게 해처먹는다""…논란되자 글 삭제>"
1703,4,"""상하이 임시정부는 정통성이 없다""",False,발언인 없음,1512,
1706,4,"""이승만은 1948년 대한민국 건국을 주장했다""",False,언론 보도,1508,출처: 4월 8일자 NewDaily 칼럼
1708,4,"""OECD 국가 중 한국만 고교 무상교육 정책이 없다""",True,네이버뉴스 댓글 이용자,1505,출처: 4월 9일 언론보도 댓글
1711,4,"""대한애국당 표 왔으면 창원성산 보궐선거 이길 수 있었다""",False,나경원,1497,출처: 4월 8일 언론보도
1712,4,"""강원도 산불 때 '김정숙 꽃놀이, 문재인 술자리'""",False,페이스북 및 유튜브 이용자,1500,출처: 유튜브 <안정권의 썰방>
1714,4,"""북한 산엔 산불에 탈 나무가 없다""",True,김문수,1486,출처: 4월 6일자 김문수 페이스북 게시글
1715,4,"""휴전선 일대에도 산불이 간혹 나지만, 풀이나 덤불 정도""",False,김문수,1489,출처: 4월 6일자 김문수 페이스북 게시글
1716,4,"""신보라 의원은 헌정사상 1호 출산휴가 국회의원이다""",False,언론 보도,1490,출처: 4월 7일자 파이낸스 투데이 보도
1717,4,청와대 국가안보실은 산불과 상관이 없다,False,네이버뉴스 댓글 이용자,1488,출처: 네이버 댓글 실시간검색
1718,4,"국회 담장 무너뜨린 민노총, 손해배상 책임 있다",True,발언인 없음,1496,
1721,4,"""'문재인 케어'가 건강보험 7년 만의 적자 전환의 원인이다""",False,언론 보도,1479,출처: 건강보험이 7년 만에 적자로 전환된 데 '문재인 케어'가 영향이 있었다는 취지의 언론 기사
1722,4,"1948년 건국 논란, 이승만도 부정했다",True,발언인 없음,1477,
1726,4,"""유튜브에서 영화 '연평해전'이 차단된 것은 https 차단 정책과 관련 있다""",False,유튜브 이용자,1459,출처: 3월 27일자 유튜브 영상 자료
1729,4,서울시 청년수당은 근거 없다?,False,네이버뉴스 댓글 이용자,1465,출처: 3월 20일자 세계일보 보도
1738,4,"전두환 추징금 시효, 내년이면 만료된다",False,언론 보도,1443,
1739,4,"문 대통령, 말레이 총리에 건넨 인니어 인사말은 외교 결례",False,언론 보도,1439,출처: 다수 언론의 문제 제기
1741,4,"""사교육비 폭증은 학생부종합전형(학종) 때문이다""",True,네이버뉴스 댓글 이용자,1436,출처: 매일경제 <학생부종합전형 도입후 사교육비 '폭증'> 기사 댓글란
1744,4,유류세 내려서 미세먼지 늘어났다?,False,언론 보도,1428,출처보기>
1745,4,"""정부의 '핀셋인상'에 따라 공시 가격이 고가 주택 위주로 인상됐다""",False,국토교통부,1423,출처보기>
1750,4,신용카드 소득공제 축소는 서민 증세?,True,한국납세자연맹,1402,
1752,4,“5·18 헬기 사격설의 진실이 아직 확인되지 않았다”,False,전두환,1399,출처보기>
1754,4,"""북한에서도 미세먼지 많이 내려왔다""",True,조명래,1397,출처보기>
1755,4,"""한국의 노동3권은 세계 최고 수준이다""",False,한국경영자총협회,1395,출처보기>
1761,4,"""개학연기 투쟁은 합법이다""",False,한국유치원총연합회,1375,"출처: '개학 연기는 합법' 주장한 한유총…""돌봄 등 모든 기능 중단"" - 머니투데이 뉴스"
1767,4,"""탈원전으로 LNG 발전이 늘어 미세먼지가 두배로 급증한다""",False,"최연혜, 나경원",1363,"출처: ""탈원전으로 LNG 발전 2배 늘리면 2029년 초미세먼지 2배 짙어진다"""
1769,4,https 차단 정책은 인터넷 사전 검열·사찰 수단,False,발언인 없음,1356,"출처: “https 차단 정책 반대” 청와대 국민청원, 23만명 이르러"
1772,4,"""일자리의 질은 지속개선되고 있다""",True,박광온,1344,출처: 제67차 최고위원회의 모두발언
1780,4,위례 포레자이는 4억 원짜리 로또 아파트?,False,언론 보도,1315,출처: 강남만 로또더냐… 北위례가 달아오른다
1781,4,"""단식투쟁 희화화는 민주노총 기자 탓""",False,정유섭,1317,
1787,4,"""탈원전으로 석탄발전 비중 늘었다""?",False,권은희 바른미래당 최고위원,1300,
1788,4,"""脫원전-미세먼지 무관""?",False,김의겸,1299,"출처: 靑 ""미세먼지, 탈원전과 무관…中과 미세먼지 대책 공동연구"""
1790,4,"""현 정부가 화력발전소를 7기나 새로 지어 화력발전소 비중이 증가했다""?",True,나경원,1297,
1792,4,미국의 최저임금이 새해 최대 44% 인상됐다,False,언론 보도,1275,
1794,4,"일본 기업 자산 압류, 국제사법재판소 제소 가능?",False,발언인 없음,1273,
1795,4,직장 갑질은 법으로 막을 수 있다,False,발언인 없음,1259,출처: 직장내 괴롭힘 처벌한다…'양진호 방지법' 국회 통과
1796,4,"여성폭력방지기본법, '남성혐오' 합법화한다?",False,인터넷 루머,1256,
1797,4,"""김포공항 직원이 근거 규정 없이 신분증을 꺼내 보여달라고 했다""",False,김정호,1244,"출처: 김정호 의원, 공항 신분증 확인 과정서 직원과 실랑이 구설(종합) | 연합뉴스"
1799,4,"정규직·비정규직 갈등, '임금 차이' 때문이다?",False,국회 비정규직차별해소포럼,1233,
1802,4,아프가니스탄에서 선교사 229명이 처형된다?,False,인터넷 루머,1223,
1803,4,"""KTX 사고 발생... 남북 철도 연결 민망한 KTX 수준""",False,김현미,1222,
1805,4,싱가포르 공교육은 기초과목에 집중한다.,True,발언인 없음,1213,
1806,4,"프랑스 공교육은 국어, 수학 등 기초과목에 집중한다.",True,발언인 없음,1212,
1807,4,핀란드에는 사교육이 없다,False,발언인 없음,1210,
1808,4,주세법 개정으로 '4캔 1만원' 퇴출?,False,인터넷 루머,1205,
1814,4,트위터 본사가 본인 계정 여부는 확인해 준다?,False,인터넷 루머,1176,출처: [영상] 이정렬 “이재명 억울하다며 트위터 본사에 왜 확인 안하냐”
1818,4,"""숙명여고 쌍둥이 딸의 아빠가 얼마 전 사퇴한 김상곤 전 사회부총리 겸 교육부 장관의 딸 담임이었다""",False,김용태,1168,
1822,4,"""'직장 내 괴롭힘 방지법', 정의 모호해 사업장에 혼란""",False,이완영,1147,출처: [앵커의 눈] ‘직장 내 괴롭힘 방지법’ 이번엔 통과될까?
1826,4,수상 태양광 설비는 중금속 덩어리,False,발언인 없음,1137,
1830,4,"""이완영, '직장 내 괴롭힘 방지법'에 제동 걸어 계류돼 있다""",True,한정애,1112,"출처: 한정애 “양진호 한국미래기술 회장 '갑중의 갑'…한국당, 관련법 통과 협조해주길”"
1831,4,"비리 유치원 명단공개, 중대한 법 위반이다",False,한국유치원총연합회,1105,출처보기>
1834,4,"""사립 유치원도 감사 대상""",True,최재형,1100,출처: 감사원장 “사립 유치원도 감사 대상…직권 감사 가능”
1836,4,국민연금공단 정문에서는 인터넷이 터지지 않는다,False,언론 보도,1093,출처: [기자수첩] 국민연금 정문에서 인터넷이 먹통됐던 기억
1839,4,"기상청 오보, 슈퍼컴퓨터 지원 부족 때문이다",False,발언인 없음,1087,
1841,4,"""인천교육감이 국보법 위반 전교조 교사 복직시킨 건 불법 행위""",False,전희경,1085,"출처: 도성훈 인천시교육감, 국보법 위반교사 복귀 등 `곤혹`"
1842,4,"""신창현 의원이 공개한 수도권 택지 후보지 자료는 국가 기밀 서류가 아니어서 법적 문제가 없다""",False,이해찬,1084,출처: 이해찬 “‘경기도 신규택지 유출’ 신창현 법적 문제없어... ‘청와대 업무추진비 유출’ 심재철 자체가 불법”
1843,4,"""박근혜 정부 때는 '가짜뉴스 대책' 없었다""",False,박성중,1078,
1847,4,""" ‘당·정·청 전원회의’는 '운동권 용어'다""?",False,박성중,1062,
1852,4,추석 물가가 하향 안정됐다,False,기획재정부,1047,
1854,4,'기금운용본부장(CIO) 인선난'은 국민연금공단 기금운용본부의 전북 이전 때문이다,False,언론 보도,1031,출처: Want to Oversee the World’s Third-Largest Pension Fund? There’s Just One Catch
1855,4,"""북한인권법은 여야 국회의원 한 명의 반대도 없이 통과된 법""",True,김태훈,1034,"출처: ""北인권단체마다 압수수색… 정부 압력에 후원 다 끊겼다"""
1862,4,"불법체류 외국인, 한국에 3개월만 살면 건강보험 혜택 받는다?",False,발언인 없음,1001,
1865,4,"전세 대출, 고소득자 지원하면 재원 부족?",True,발언인 없음,983,
1866,4,"연소득 7000만원 이상, 고소득자?",True,발언인 없음,982,
1868,4,"국민연금 개혁안, 3년 전 공무원연금 개혁보다 가혹한 조건이다?",False,발언인 없음,968,출처: ‘더 내고 늦게 받는’ 국민연금案에 반발 청원 들끓어
1871,4,안희정 '무죄'에 김지은씨는 직접 '항소' 못한다?,True,발언인 없음,961,
1878,4,다른 제조사 차량에서도 화재가 빈번한데 유독 BMW만 공격을 받고 있다,False,인터넷 루머,932,
1881,4,김동연 경제부총리가 삼성 이재용 부회장에게 머리를 조아렸다,False,인터넷 루머,921,
1888,4,"""제도가 노회찬 의원을 죽인 셈이다""",True,이준석,905,"출처: 이준석 ""상계동선 '노회찬같이 하라'고, 그게 그분의 삶"""
1891,4,우리나라의 내년 최저임금은 OECD 국가들 중 높은 편이다?,True,인터넷 루머,887,
1895,4,"""팔레스타인 합동결혼식 사진 속 여자아이들은 10살도 안된 어린 신부들""",False,인터넷 루머,868,
1896,4,"최저임금, 매년 반드시 올려야 한다?",False,발언인 없음,872,
1897,4,"""난민협약, 난민신청자 보호하라는 것 아냐""",False,김진태,866,
1899,4,‘강간놀이’하는 무슬림이 한국 이슬람화를 꿈꾼다?,False,인터넷 루머,856,
1900,4,기내식 없는 비행기에 도시락을 싸 가도 된다?,True,인터넷 루머,853,
1901,4,문재인 대통령이 뇌출혈로 쓰러졌다?,False,인터넷 루머,852,
1902,4,맘카페에서 제기된 이슬람 5대 루머,False,인터넷 루머,847,
1904,4,욱일기를 사용하는 응원은 피파 규정 위반?,False,발언인 없음,842,
1908,4,한진 조양호 회장의 부인 이명희씨는 분노조절장애로 인한 심신미약으로 선처를 받을 수 있다?,False,발언인 없음,835,"출처: 경찰, '구속영장 기각' 이명희 '갑질' 보강조사…재소환 검토(종합)"
1910,4,중국산 소주가 한국 마트서 1병 당 690원에 팔린다?,False,인터넷 루머,823,
1911,4,"""서울 사람들이 양천구 목동 같은데서 잘 살다가 이혼 한번 하거나 하면 부천 정도로 가고, 부천에 갔다가 살기 어려워지면 인천 중...",False,정태옥,822,출처: '김부선 스캔들'·'이부망천 망언'…막판 지방선거 흔드는 돌발악재
1912,4,"""박원순 시장 재임시절 공공임대주택 실적은 뻥튀기""",True,안철수,809,출처보기>
1913,4,"""이재명식 무상교복은 교복값을 올린다""",False,자유한국당,796,출처: 『민주당 후보』 검증 시리즈 1탄 - 이재명 후보 정책 검증편
1915,4,"""서울시장 취임 첫날 재개발, 재건축 도장을 찍겠다""",False,김문수,790,
1916,4,"""민간인 희생자 추모공원, 주민 의견 수렴 안 했다""",False,성선제,785,출처: 300억 국책사업 선정됐는데 '반대'한다는 한국당 후보
1917,4,대법원 판결에 대해 대법원이 직권으로 재심을 열 수 있다?,False,김승하,783,"출처: 양승태 고발 10여 건…KTX 해고 승무원 ""재심 요청"""
1918,4,"""재판출석은 피고인의 권리이지 의무로 볼 수는 없다""",False,강훈,782,"출처: MB, 재판 불출석…강훈 변호사 ""법정 출석 의무 아닌 권리"" / 연합뉴스 (Yonhapnews)"
1919,4,이재명의 욕설 음성 파일 공개는 국민의 알 권리를 위한 것이다.,False,자유한국당,771,"출처: 자유한국당, 이재명 경기도지사 후보 욕설파일 홈페이지에 공개"
1920,4,6.13 지방선거에 후보들을 공천한 주요 정당들은 공직선거법이 정한 여성공천할당제를 제대로 준수하고 있다?,False,발언인 없음,763,
1921,4,"""서울시 강력범죄 3년새 60% 늘었다""?",True,안철수,761,출처보기>
1923,4,불체포특권(국회의 체포동의안 부결처리)는 검찰의 무리한 수사에 대한 정당한 방어다.,False,자유한국당,762,"출처: 한국당, 체포동의안 부결에 ""불구속수사 원칙 지켜낸 것"""
1926,4,"""전두환 회고록 출판을 막는 건 헌법이 보장하는 출판의 자유를 해치는 조치다""",False,민정기,742,
1928,4,"""의원 사직서 처리위해 의장 권한 사용가능""",True,정세균,738,
1929,4,대학축제 주점에서 대학생들이 술을 팔았다면 처벌 받는다,True,교육부,737,"출처: [단독] ""술 팔지 마라""…주세법에 `김 빠진` 대학축제"
1930,4,보험계리사 영어 시험이 쉬워졌다?,False,언론 보도,734,출처: 보험계리사 텝스 합격점 625점→340점 조정
1931,4,수면제 처방 받으면 보험 가입 제한된다?,True,금융위원회,724,출처: 보험가입시 장애 알릴 의무 폐지…전동휠체어 보험상품 출시
1932,4,“지난 3월 방한 중국인 관광객은 40만명”?,False,문화체육관광부,719,출처: 3월 중국인 관광객 11.8%↑…1년만에 다시 늘어(종합) | 연합뉴스
1933,4,삼성생명은 삼성전자 주식 20조를 팔아야 한다?,False,언론 보도,717,출처: 20조원 삼성전자 지분 어디로…금융위 압박에 삼성 '진퇴양난'
1934,4,“4년간 공약 이행률 98% 달성”?,False,조희연,708,
1935,4,"""미국은 응답률이 30% 안 되면 여론조사 결과를 폐기한다""",False,홍준표,706,"출처: 홍준표 당대표, 갤럽 및 포털 관련 기자회견 주요내용[보도자료]"
1937,4,"한국GM의 부실, GM 본사의 '먹튀' 탓?",False,전국민주노동조합총연맹,701,출처보기>
1938,4,다산신도시 실버택배 지원은 형평성에 어긋난다,False,발언인 없음,696,"출처: ""다산신도시 실버택배 비용 왜 세금으로 하나?"" 청원 폭주"
1940,4,"""삼성 '백혈병' 관련 작업환경보고서가 '핵심기밀'""",False,삼성전자,687,"출처: 삼성디스플레이도 산업부에 SOS…""작업환경보고서 '핵심기밀' 판단해 달라"""
1941,4,"""서울 도로에 물을 뿌려 미세먼지 문제 해결하겠다""",False,김문수,691,"출처: 김문수, ""환경관리기사 자격증있다. 미세먼지 도로에 물뿌려 해결..."""
1942,4,임대주택 들어오면 주변 집값 떨어진다?,False,발언인 없음,690,"출처: '청년주택=빈민아파트'라던 주민들, ""그래도 임대주택 안돼"""
1943,4,"""수능 절대평가가 (현 정부의) 기본 입장이라는 것은 오해다""",False,김상곤,689,"출처: 김상곤 ""정부 기본입장이 수능 절대평가라는 것은 오해"""
1947,4,북한에선 '레드벨벳'을 '붉은 융단 떼거리'라고 부른다?,False,인터넷 루머,658,
1948,4,"""경찰이 구속하는 나라는 없다""",True,문무일,647,출처: “자치경찰제 도입 없인 수사권 조정 없다”…검·경 갈등 재점화
1949,4,혼외 출산이 출산율 제고에 도움된다,True,언론 보도,646,"출처: “모든 출산 존중” 저출산위원회, 가족다양성 T/F 출범"
1950,4,최저임금이 오르면 물가도 오를까?,False,발언인 없음,631,
1951,4,"""최저임금 올리면 일자리가 줄어든다""",False,발언인 없음,630,
1952,4,최저임금 인상은 경제에 악영향을 미친다?,False,발언인 없음,629,
1953,4,"""10시에 대통령 첫 보고 이후 수시로 보고와 지시…당일 외부인 출입 없었다""",False,박근혜,644,"출처: ‘그것이 알고싶다’ 앞두고…청와대 “세월호 당일, 朴대통령 관저 집무실 이용”"
1954,4,중국에 미세먼지 문제에 대해 책임을 요구할 수 있는가,True,청와대 국민청원,637,출처: 대한민국 청와대
1956,4,우리 정부는 미세먼지 문제에 대해 중국에 아무 말도 못한다 ?,True,인터넷 루머,634,
1957,4,중국의 대기질이 베이징만 개선됐을뿐 다른 곳은 나빠졌다 ?,False,인터넷 루머,633,
1958,4,중국이 베이징의 공기를 맑게 하려고 공장을 산둥반도로 옮기고 있다 ?,False,인터넷 루머,632,
1962,4,퇴직하고 중소기업에 신입사원으로 취업하면 정부의 청년 일자리 지원금 1000만원을 받을 수 있다?,False,인터넷 루머,624,
1963,4,"2007년 대선 공보물에 ""전과 없음"" 기재했던 이명박 전 대통령, 사실은?",False,이명박,621,
1964,4,"""담배값 인상 정책은 흡연율을 낮추는 효과가 없다?""",False,발언인 없음,611,
1968,4,현행 헌법/법률의 한글 표현에 문제 있다,True,발언인 없음,602,출처: 文대통령 “새 법령 만들 때 처음부터 한글화 작업 중요”
1971,4,"""이명박 전 대통령 전 재산 사회 환원해 변호인 구하기도 어렵다""",False,김효재,582,"출처: 검찰조사 D-1, MB측 ""전 재산 환원해 변호사 선임도 어려워"""
1976,4,"""국민연금 소득대체율을 인상할 필요 있다""",True,문재인,580,출처: 문재인 “국민연금 소득대체율 50%는 이미 2015년에 여야 합의”
1977,4,"""남북 정상회담은 ‘지방선거용’"" 
 - 남북 정상회담 직후 집권여당은 전국단위 선거에서 승리했나.",False,자유한국당,570,"출처: 홍준표 “남북정상회담은 ‘지방선거용’…합의문, 김정은이 불러준 것”"
1978,4,'이건희 차명계좌' 문제는 그동안 방치됐다?,True,언론 보도,568,
1980,4,"""자유한국당은 '터치'는 있었지만 성폭력은 없었다""",False,박순자,561,출처: 한국당 박순자 “우리는 ‘터치’는 있었지만 성폭력은 없었다”
1989,4,편의점에서 로또 살 수 없다?,False,관련인 없음,512,"출처: [편의점 로또 퇴출 위기 ②] 편의점 로또족, 어디로 가야 하나"
1990,4,법원이 재벌이나 대기업 총수 등 경제범죄에 대해 관대하다?!,True,관련인 없음,507,
1997,4,검찰은 내부 성추문에 관대하다?,True,관련인 없음,490,
2001,4,"한반도기, 조총련이 만들었다?",False,관련인 없음,472,
2002,4,"""4년4개월동안 경남지사 하면서 화재 인명사고 한 건도 없었다""",False,홍준표,471,"출처: [밀양참사]홍준표 ""경남지사 시절, 화재 인명사고 한 건도 없었다""(종합)"
2004,4,한국수자원공사가 4대강 관련 자료를 파기했다는 의혹이 제기됐다. 형사처벌 대상이라는 지적이 제기된다.,True,관련인 없음,457,
2005,4,네이버가 가상화폐와 제휴 맺는다?,False,관련인 없음,455,
2006,4,"""이명박-박근혜 정권 시절 정부-여당은 표현의 자유 때문에, 댓글 등 모욕적인 표현을 모른 척 넘어갔다""고 발언",False,홍준표,451,
2007,4,"박종철 고문치사, 보수 정부에서 밝힌 것?",False,곽상도,436,
2008,4,대법원의 진경준 뇌물수수 무죄 판결은 기존 대법 판례와 배치된다,True,대법원,429,"출처: 대법 ""'넥슨 공짜주식' 뇌물아냐""…진경준·김정주 뇌물 무죄(종합) | 연합뉴스"
2010,4,우리은행 달력 속 인공기 그림은 '안보불감증의 자화상',False,자유한국당,426,
2011,4,"해병대, 육·해·공군 보다 구타·가혹행위 심하다?",True,김중로,414,"출처: 해병대, 구타·가혹행위 심각…타군 대비 벌금·징계 압도적"
2012,4,"""종교인 과세는 정교분리 원칙에 어긋난다""",False,개신교 종교인과세TF,408,출처: 종교인 과세 며칠 앞두고 보수교계 또 반발
2013,4,홍준표 자유한국당 대표 “도지사 재임 기간 경남에 건물이나 사람이나 불난 일 없다”,False,홍준표,407,"출처: 홍준표 ""제천 참사, 세월호 정권처럼 정쟁 이용안해"""
2017,4,적폐청산TF 법적 근거 없다?,False,이명박,379,
2018,4,국선변호인 계속 거부하면 재판 멈출까?,False,박근혜,377,
2019,4,5.18 재수사 가능할까?,True,전두환,372,
2021,4,최저임금 올라 9급 공무원보다 알바생이 더 번다?,False,SNS 가짜뉴스,360,
2022,4,한국 여성에게 '유리천장' 있다?,True,라가르드 IMF 총재,356,
2024,4,"특수활동비 유용, 통치자금이어서 문제 없다?",False,이재만,351,
2026,4,"JTBC의 '최순실 태블릿 PC' 조작설
(고려대 포렌식센터와 공동 팩트체크)",False,"김진태, 조원진, 윤상직, 월간조선, 미디어워치",345,
2027,4,"""한국경제가 기회를 잡아야할 시기에 도움이 되지 않는다""
사이버사령부 댓글 사건 수사에 대해 이명박 전 대통령이 한 발언.",False,이명박,335,
2030,4,"""서울시가 만들어 배포한 교과서가 '자유시장경제를 악으로, 사회적경제는 선'으로 표현하고 있다""",False,장제원,320,출처보기>
2032,4,"전남에 있는 한 식당에 ""안철수 출입금지"" 써붙였다?",False,안철수,311,출처: 호남 식당 풍경....
2033,4,미국에서는 총기 소유가 자신과 가정을 지키는 가장 좋은 방법이라는 주장이 여전히 건재하다. 과연 개인의 총기 소유가 사회 전체의 ...,False,관련인 없음,310,출처: Home
2036,4,"홍준표 ""수행비서 통신자료 조회는 문재인 정부의 정치 사찰""",False,홍준표,290,"출처: 홍준표 ""군·검찰·경찰이 수행비서 통신조회"", '정치사찰' 주장"
2037,4,"""특수학교가 들어서면 집값이 떨어진다""",False,관련인 없음,260,출처: [레이더P 팩트체커] 강서 특수학교 갈등의 진실③ 땅값이 떨어진다고?
2038,4,"""3년간 특수학교 21개교와 특수학급 2300여 학급을 대폭 신·증설""",False,교육부,259,출처: [레이더P 팩트체커] 강서 특수학교 갈등의 진실② 혼란 부추긴 관치
2039,4,"""특수학교 대체부지 확보했는데 교육청 탓에 원점""",False,김성태,258,출처: [레이더P 팩트체커] 특수학교 갈등의 진실① `임대와 섞이기 싫다`
2044,4,"유럽에서 '간염 바이러스 소시지' 파문이 일고 있는데, E형 간염 바이러스의 경우 고온에 익히면 안전하다는 식약처의 주장은 사실일까",True,식약처,232,출처: 'E형간염' 감염되면 발열·복통 증상…임산부는 사망률 20%
2048,4,최저임금 인상으로 9급 공무원보다 아르바이트생의 급여가 더 많아졌다는 주장,False,관련인 없음,208,
2049,4,누진제 논란 1년...전기요금 인하에 효과 있었다?,True,관련인 없음,209,
2050,4,정확한 통계가 없는 자영업자 대출 우려가 확대중이다. 자영업자 대출은 정말 위험한가?,True,관련인 없음,207,"출처: 최종구 인사청문회 ""자영업자·한계차주 대출 살필 것""(종합)"
2051,4,"옥시·대형마트 등 11개 기업 ""올해 상반기 중 생활화학 제품 전 성분 공개하겠다"", 사실일까?",True,환경운동연합,200,"출처: 이제 롯데마트,이마트,홈플러스,GS리테일,다이소,애경 생활화학제품의 전 성분을 확인하세요!"
2054,4,안경환 법무부 장관 후보자의 첫 결혼이 상대방의 동의 없이 일방적 혼인신고로 이뤄졌다.,True,안경환,184,"출처: [단독] 안경환, 여성 도장 위조해 혼인신고…""혼인 무효"""
2055,4,5.18의 역사적 사실을 왜곡하는 가짜뉴스들 총정리,False,관련인 없음,172,
2056,4,‘100원택시` 총리후보자 아이디어였나,False,문재인,170,출처: [레이더P 팩트체커] ‘100원택시` 총리후보자 아이디어였나
2060,4,심상정 “文의 아동수당 2분의1로 줄어…선관위 제출 뒤 주말에 대폭 후퇴” 사실은?,False,심상정,113,
2061,4,"유승민 “文의 17만4000명 공무원, 9급 초봉만 줘도 연간 4조3000억 원…계산 안 맞아”",True,유승민,135,
2062,4,"洪 ""한국, 비정규직 더 많고 직원 해고하기 세계에서 가장 어려워""",False,홍준표,108,"출처: 洪 한국,비정규직 더 많고, 세계에서 해고하기 가장 어려워"
2063,4,"문재인 전 더불어민주당 대표는 공무원 일자리 공약을 내놓으며 ""소방공무원이 법정기준에 비해 1만7000명가량이 부족하다""며 ""또 ...",True,문재인,37,"출처: 문 소방관 1만7000명 부족, 지역따라 처우 달라"
2064,4,"2006년 문재인의 민정수석실 ""노무현 대통령의 사돈이 낸 교통사고, 음주운전 아니었다"" 발표, 사실은?",False,문재인,29,"출처:  盧대통령 사돈, 음주운전 의심 사고 청와대·경찰 개입 은폐 의혹"
2065,4,"홍준표 자유한국당 후보가 15대 총선 때 선거법 위반으로  의원직을 잃고, 안기부 파견 검사 시절 이중으로 월급을 받았다가 국가로...",True,홍준표,27,출처보기>
2066,5,‘프로듀스’ 투표 조작이 부정 선거의 증거다,False,"민경욱, 보수 성향 유튜버",2344,출처: 가로세로연구소
2068,5,"청와대 어린이날 영상 주인공, 북한 소년단이다",False,가로세로연구소,2269,출처: “[충격] 청와대 어린이날 영상! 시커먼 북한의 그림자!”
2069,5,"""뜨거운 파인애플 물이 암세포를 죽인다""",False,인터넷 루머,2239,"출처: 카카오톡, 블로그 글"
2070,5,코로나19 3번 확진자는 슈퍼전파자이다?,False,인터넷 뉴스 댓글 이용자,2081,
2071,5,"자외선·손 건조기, 바이러스 살균효과 있다?",False,네이버 블로그 이용자,2079,
2072,5,인종적 특성으로 동양인이 코로나바이러스에 취약하다?,False,일부 유럽인들,2077,
2073,5,"신종 코로나, 일반 대기를 통해 전염되는 '공기감염병'이다?",False,인터넷 이용자,2063,출처: 유튜브 영상
2074,5,'신종 코로나'로 휴업하면 직원 급여 안 줘도 된다?,False,발언인 없음,2073,
2075,5,비타민 C가 신종 코로나를 퇴치한다?,False,페이스북 이용자,2065,출처: 필리핀인의 페이스북 글
2076,5,"손 소독제 알코올 성분, 임산부에게 해롭다?",False,발언인 없음,2064,
2077,5,개인 소비자가 마스크 사재기해도 단속된다?,True,발언인 없음,2062,
2078,5,"""세계 어느 나라도 중국인 입국 금지를 하지 않았다.""",False,이재정 대변인,2052,출처: 2020년 1월 29일 국회 브리핑
2079,5,50도 고량주로 손 소독 가능하다?,False,발언인 없음,2058,
2080,5,정부가 마스크를 세금으로 구입해 중국에 퍼준다?,False,김순례,2036,출처: 2020년 2월 3일 국회 최고위원회의
2081,5,'신종 코로나' 때문에 국내에 중국인 난민 급증한다?,False,페이스북 이용자,2019,
2082,5,중국인 마스크 사재기 막으려고 마스크에 타이완기 그려넣었다?,False,SNS 이용자,2054,출처: 페이스북 게시물
2083,5,"""정부가 국민이 낸 건강보험료로 중국인에게 공짜·할인 혜택을 주고 있다.""",False,인터넷 뉴스 댓글 이용자,2051,
2084,5,"일회용 마스크, 일주일 써도 된다?",False,홍혜걸,2041,출처: 홍혜걸 의학박사 페이스북
2085,5,울산·창원에서 확진자가 나왔는데 보도가 안되고 있다?,False,온라인 카페 및 페이스북 이용자,2023,
2086,5,"""동대구역에서 신종 코로나 감염 환자가 방역복을 입은 사람들을 피해 도주 중이다""",False,페이스북 이용자,2018,출처: 페이스북 페이지 '대구는 지금' 게시글
2087,5,"""평택 수건 가게에서 방역복을 입은 사람들이 환자를 부축했다""",False,온라인 커뮤니티 이용자,2017,출처: 온라인 커뮤니티
2088,5,"신종 코로나, 택배로도 전염된다?",False,온라인 이용자,2009,출처: 네이버 지식인
2089,5,"""통계청에 의하면, 한국 20대 평균 연애횟수는 5회""?",False,인터넷 커뮤니티 이용자,2004,출처: 루리웹
2091,5,영화 '블랙머니' 속 론스타 수사…대검 중수부가 사건 덮었다?,False,발언인 없음,1958,출처: 영화 '블랙머니' 내용
2093,5,"""생중계, 관중, 취재진 없이 경기 운영한 북한을 월드컵에서 제외하자""",False,온라인 이용자,1870,출처: 온라인 커뮤니티 이용자 및 관련 보도 다수 댓글 등
2094,5,"""전태일은 착취당하지 않았다""",False,류석춘,1868,출처: <월간조선> [2019년 10월호] 기고문
2095,5,"""거짓말은 한국의 문화""",False,반일 종족주의,1815,
2096,5,"""유승준이 국내에 들어와서 최대 25%의 소득세를 내면, 세율 50%인 미국 세금은 내지 않아도 된다""",False,언론 보도 및 온라인 커뮤니티 이용자,1706,출처: 티브이데일리 보도
2097,5,"""게임중독 질병 코드 지정은 UN 아동권리협약 31조 위반이다""",False,게임업계,1606,출처: 게임질병코드 도입 반대를 위한 공동대책 준비위원회 성명서
2098,5,"""한국영화계는 2~3년 전부터 영화 스태프의 근로방식이나 급여 등을 정상적으로 정리해왔다""",True,봉준호,1607,"출처: <황금종려상 들고 금의환향 봉준호·송강호 ""韓관객 만남 기대"">, 연합뉴스"
2100,5,"스승의 날, 종이 카네이션은 되고 생화는 안 된다",False,언론 보도,1579,출처: 이데일리뉴스
2101,5,"""어벤져스 스포일러, 형사처벌 가능하다""",False,SNS 이용자,1549,
2103,5,"""유튜브에서 영화 '연평해전'이 차단된 것은 https 차단 정책과 관련 있다""",False,유튜브 이용자,1459,출처: 3월 27일자 유튜브 영상 자료
2105,5,"유관순 열사, 성고문 당했고 시신은 토막 나 있었다",False,인스타그램 이용자,1398,출처보기>
2108,5,일반 소주는 증류주가 아니다?,False,인터넷 루머,860,
2109,5,"""지드래곤 군 병원 특혜 의혹은 사실무근""",False,YG엔터테인먼트,837,"출처: GD, 군병원 특혜 입원 논란…국방부 ""병사도 1인실 사용 가능""(종합) | 연합뉴스"
2112,5,북한에선 '레드벨벳'을 '붉은 융단 떼거리'라고 부른다?,False,인터넷 루머,658,
2113,5,문화계 '미투' 가해자들은 문화계 '블랙리스트' 인물들이다,False,인터넷 루머,617,출처: 일간베스트
2115,5,우리 사회는 성범죄를 엄격히 처벌해왔는가?,False,발언인 없음,545,
2116,5,"서지현 검사가 폭로한 성추행 사건의 명칭은 ""여검사 성추행"" 사건인가?",False,관련인 없음,497,
2117,5,"""평창올림픽 개막식 에어쇼, 공군이 싱가포르 에어쇼 참가해 못 본다?""",False,관련인 없음,489,출처보기>
2118,5,"해병대, 육·해·공군 보다 구타·가혹행위 심하다?",True,김중로,414,"출처: 해병대, 구타·가혹행위 심각…타군 대비 벌금·징계 압도적"
2119,5,"""좌파코드 성향 없으면 천만관객 불가능""",False,홍준표,348,"출처: ""개량한복은 다 좌파""... 홍준표, 정말 아무말 대잔치"
2121,5,편의점 앞 야외 테이블서 마시는 '맥주 한 캔'은 불법이다?,True,관련인 없음,249,
2122,6,"미국 싱크탱크인 CSIS 원장이 ""문재인 대통령은 대한민국 시국에 적합한 대통령이 아닌 것으로 사료된다.""라고 밝혔다",False,SNS와 커뮤니티 이용자,2352,"출처: 인터넷 카페, 블로그, 오픈채팅방 등"
2124,6,택배 통한 코로나19 감염 가능성 있다?,False,발언인 없음,2301,
2129,6,소금으로 코로나19 바이러스를 예방·치료한다.,False,인터넷 이용자,2148,
2130,6,"""소금물에 담갔다 말리면 마스크 재활용 가능""",False,트위터 이용자,2131,출처: 시청자 제보 & 트위터 등 SNS
2131,6,공적 판매 마스크를 유통하는 업체와 판매하는 약국이 부당하게 많은 유통·판매 마진을 얻고 있다?,False,인터넷 커뮤니티 이용자,2124,출처: 인터넷 커뮤니티 'MLB 파크'
2132,6,'락스 분무기' 안전하다？,False,유튜브 이용자,2114,출처: 유튜버1
2133,6,우한연구소로 파견되는 미국 친구의 글,False,SNS와 블로그 이용자,2103,"출처: SNS, 블로그 등"
2134,6,"코로나19, 아동한테는 유행하지 않는다?",False,인터넷 이용자,2078,
2135,6,"신종 코로나, 일반 대기를 통해 전염되는 '공기감염병'이다?",False,인터넷 이용자,2063,출처: 유튜브 영상
2136,6,"신종 코로나, 목욕탕 물 통해서도 감염된다?",False,"다수 언론 매체, 온라인 커뮤니티",2046,출처: 다수 언론 매체
2137,6,마늘을 커피처럼 끓여서 마시면 신종 코로나 바이러스 전염병도 완치된다?,False,안상수,2038,
2138,6,신종 코로나바이러스는 에이즈를 일으키는 HIV와 유사하다,False,인도 대학 연구진,2043,출처: 바이오 아카이브 사이트 (보고서)
2140,6,자율주행차 타면 운전면허 딸 필요 없나?,True,인터넷 댓글 이용자,1997,출처: 지난해 12월 쓴 <자율주행 레벨 4단계 셔틀버스 타보니…운전자는 시동·주차만>기사 보도 후 댓글과 인터넷 커뮤니티에 운전면허 필요성 여부 제기
2143,6,"유튜브 노란딱지, 보수 유튜버만 골라 억압한다?",False,나경원,1895,"출처: 유튜브 노란딱지, 무엇이 문제인가"
2144,6,목재 껍질 벗기면 세슘에서 안전하다,False,일본 임야청,1841,
2145,6,"후쿠시마 목재 방사선량, 100% 신뢰할 수 있다?",False,후쿠시마현,1840,
2146,6,"후쿠시마 방사능 데이터, 오염 상태를 정확히 보여준다?",False,후쿠시마현,1839,출처: 후쿠시마현의 방사능 데이터
2147,6,"도쿄의 '방사능 핫플레이스', 엑스레이 100만번 찍는 양이다?",False,언론 보도,1838,
2148,6,'0.23μ㏜/h'는 방사능 안전 기준치이다,False,언론 보도,1837,
2151,6,"""수소차의 시대는 오지 않는다""",False,엘론 머스크,1744,출처: 2015년 1월 Automotive News World Congress
2152,6,수소 에너지는 전기만큼 저렴해질 수 있다,True,발언인 없음,1741,
2153,6,"""대학교 인근 PC방에서 수강신청하면 서버 연결 속도가 훨씬 빠르다""",False,인터넷 커뮤니티 이용자,1742,출처: 인터넷 커뮤니티 게시물
2154,6,후쿠시마 원전 사고 후 일본이 원전 대신 수소를 선택했다,False,발언인 없음,1739,
2155,6,"""2030년 수소차 누적 생산량을 내수 85만대 포함 총 180만대, 2040년은 내수 290만대·수출 330만대 포함 총 620...",False,산업통상자원부,1726,출처: 1월 17일 산업통상자원부 수소경제 활성화 로드맵
2157,6,"""일본이 수출 규제를 풀지 않으면 이달말 반도체 공장 가동이 중단될 수 있다.""",False,언론 보도,1701,출처: 2019년 7월 5일 기사
2158,6,"""스마트폰 사용으로 젊은이들 머리에 뿔이 자라고 있다""",False,언론 보도,1686,출처: KBS 기사 <스마트폰 많이 쓰면 머리에 뿔 난다?>
2159,6,"""플라스틱 쓰레기 문제를 해결할 대안은 없다""",False,발언인 없음,1648,
2162,6,"""수소는 가장 안전한 연료로 평가받는다""",False,정승일,1608,
2163,6,방송통신위원회가 오는 6월부터 국내에서 유튜브 서비스를 차단한다,False,유튜브 이용자,1558,
2165,6,"8만원 이상 5G 요금제, 데이터 무제한이다.",False,"KT, LG",1502,출처: KT 5G 요금제
2167,6,광촉매 도료(페인트)가 미세먼지 줄여준다,False,서울특별시,1458,출처: 서울시 3월7일 발표 언론보도
2169,6,"""지열 발전이 포항 지진 원인인 것처럼, 지열 냉·난방도 위험하다""",False,네이버뉴스 댓글 이용자,1447,출처: 2017년 12월 연합뉴스 기사 네이버 댓글
2170,6,에어팟 등 무선이어폰이 암 발생 위험을 키운다,False,언론 보도,1434,출처: 언론보도
2173,6,“홍역은 미세먼지·외노자가 유발한 후진국병”?,False,인터넷 루머,1307,
2189,6,배달 앱이 배달비를 유료화 했다?,False,인터넷 루머,863,
2190,6,반도체 장비 수입 하락세는 불황 징조?,False,언론 보도,859,
2192,6,"한국오라클 노조 전면파업, 외국계 IT기업 최초?",False,언론 보도,744,출처: 외국계 IT기업 노조 최초로 파업 돌입하는 한국오라클 노조
2193,6,청와대 청원 게시판도 매크로 가능,False,인터넷 루머,704,
2194,6,댓글만으로 여론을 조작할 수 있는지?,True,드루킹,703,"출처: 드루킹이 꿈꾸던 온라인 세상, ""여론은 네이버에 달린 댓글"""
2196,6,"美 국방부 공개 UFO 영상, 정말 외계에서 온 비행물체인가",True,발언인 없음,597,출처보기>
2202,6,"LG전자, 중국 스마트폰 사업 포기했나?",False,관련인 없음,503,
2203,6,"""평창올림픽 개막식 에어쇼, 공군이 싱가포르 에어쇼 참가해 못 본다?""",False,관련인 없음,489,출처보기>
2204,6,"""북한은 더 춥다. (남한은) 그렇게 추운 날씨는 아닌 것 같다""",True,북측 관계자,487,"출처: 北 선수, 한국 한파에 “북한은 더 춥다”…남북 단일팀 첫 출발 표정"
2205,6,"암호화폐 채굴로 '월 천만원 고정수익', 가능할까?",False,관련인 없음,482,
2206,6,궐련형 전자담배 중 추운 곳에서 작동 안 하는 기기가 있다?,True,관련인 없음,423,
2208,6,"""정부지원을 받는 한국형 가상화폐 출범""",False,관련인 없음,399,출처보기>
2209,6,이스라엘 통신비 인하는 실패한 포퓰리즘 정책이다?,False,관련인 없음,202,출처: [기자의 시각] 이스라엘의 통신비 矯角殺牛
2212,6,가상화폐 해킹은 가능한가?,True,관련인 없음,366,"출처: ""가상화폐 공격 포착""…北 사이버 외화벌이?"
2214,6,미국에서는 총기 소유가 자신과 가정을 지키는 가장 좋은 방법이라는 주장이 여전히 건재하다. 과연 개인의 총기 소유가 사회 전체의 ...,False,관련인 없음,310,출처: Home
2215,6,"홍준표 ""수행비서 통신자료 조회는 문재인 정부의 정치 사찰""",False,홍준표,290,"출처: 홍준표 ""군·검찰·경찰이 수행비서 통신조회"", '정치사찰' 주장"
2221,6,참여연대 등이  '통신 기본료 1만1천원 폐지' 공약 이행을 주장하고 있다.   LTE(4G)서비스 기본료도 폐지할 수 있을까.,False,참여연대,187,
2223,7,"주한미군 한국인 근로자 임금지급, 새로운 지출이다",False,"SNS, 인터넷 커뮤니티",2320,
2225,7,위안부는 강제동원된 것이 아니다,False,이영훈,2317,"출처: 저서 '반일 종족주의', 유튜브 '이승만TV' 등"
2227,7,SNS에 유포된 '등교개학의 문제점' 문서 내용은 사실이다,False,인터넷 커뮤니티 및 SNS,2268,출처: 인터넷 커뮤니티 및 SNS
2228,7,"'민식이법', 과거 처벌안하던 것까지 처벌한다",False,인터넷 커뮤니티 및 SNS,2266,
2233,7,네이버 검색어 자동완성기능이 정치적으로 편향됐다,False,인터넷 커뮤니티 및 SNS,2189,
2234,7,코로나 이어 중국발 한타바이러스 전파 가능성있다,False,인터넷 커뮤니티 및 SNS,2178,
2235,7,민식이법때문에 스쿨존서 사고내면 무조건 형사처벌 받는다,False,인터넷 커뮤니티 및 SNS,2179,
2236,7,"미국 8일간 코로나 검사 건수, 한국 8주 건수보다 많다",False,데보라 벅스,2177,출처:  폭스뉴스와 가진 화상 타운홀 미팅 형식의 인터뷰(1분 35초부터)
2238,7,변종 코로나19가 급성 패혈증 유발한다,False,인터넷 커뮤니티 및 SNS,2171,출처: 인터넷 커뮤니티
2239,7,공중화장실 비누로 바이러스 전파 가능하다,False,SNS와 커뮤니티 이용자,2100,
2240,7,"코로나19 확진자 동선공개, 개인정보보호법 위반?",False,인터넷 커뮤니티 및 SNS,2161,
2241,7,개학 연기 조치는 고등학교 3학년 대입에 불리하게 작용한다,True,언론 보도,2157,출처: 언론 보도
2242,7,"변이한 코로나19 유전자, 진단키트로 못 잡는다",False,인터넷 커뮤니티 이용자,2159,출처: 인터넷 커뮤니티
2243,7,"""개학연기로 인해 초등학교 여름방학이 4일뿐이다""",False,온라인 커뮤니티 이용자,2153,출처: 언론보도
2244,7,코로나19 접촉자 증상 없어도 강제 조사 가능하다,True,발언인 없음,2127,
2245,7,우한연구소로 파견되는 미국 친구의 글,False,SNS와 블로그 이용자,2103,"출처: SNS, 블로그 등"
2248,7,성인지 예산 31조원은 여성가족부가 여성만을 위해 쓰는 예산이다,False,유튜브 이용자,2099,출처: 게임 유튜버 개인 채널 [오세라비 초대석 여성가족부 편]
2249,7,일본 성범죄 비율은 한국 10분의 1이다,False,유튜브 이용자,2098,출처: 성매매 특별법 관련 종편 토론 프로그램 2차 가공 영상
2250,7,남녀 임금격차는 여성이 이과/공대에 가지 않아서 생긴다,False,유튜브 이용자,2094,출처: 그 페미니즘은 틀렸다…고 / [아찔한 토론 #2] / 비디오머그
2251,7,대구에서 격리대상자 2명이 도망쳤다?,False,온라인 커뮤니티 이용자,2089,
2253,7,"신종 코로나, 일반 대기를 통해 전염되는 '공기감염병'이다?",False,인터넷 이용자,2063,출처: 유튜브 영상
2255,7,"""종이행주 마스크, 신종 코로나바이러스 감염 방지 효과 있다.""",False,온라인 이용자,2071,출처: 소셜미디어(SNS) 영상
2256,7,"“공중화장실, 신종 코로나바이러스 위험지대”",False,언론 보도,2069,출처: 2월 3일자 홍콩 명보(明報) 신문
2259,7,"신종 코로나, 목욕탕 물 통해서도 감염된다?",False,"다수 언론 매체, 온라인 커뮤니티",2046,출처: 다수 언론 매체
2262,7,"신종 코로나바이러스, 눈을 바라만 봐도 감염된다",False,온라인 커뮤니티 이용자,2020,출처: 온라인 커뮤니티
2263,7,"신종 코로나바이러스, 몸이 닿기만 해도 감염된다.",False,중국 인민일보,2015,출처: 중국 인민일보 공식 트위터
2264,7,"""정부가 2022년부터 은근슬쩍 반려동물 보유세를 적용하려 한다.""",False,인터넷 뉴스 댓글 이용자,2006,출처: '반려동물 보유세' 관련기사 댓글
2265,7,"""금강산 컨테이너 철거 비용이 7000억 원이다""",False,"민경욱 의원, 다수 언론, 보수 성향 유튜버",1953,출처: 민경욱 의원 페이스북
2266,7,무선 이어폰 오래 쓰면 암 걸린다?,False,SNS 이용자,1987,출처: 네이버카페글
2267,7,국회 경계 100m 이내 시위 된다,False,온라인 커뮤니티,1965,
2268,7,막말 파문 '보니하니' 제재 못한다?,True,청와대 국민청원,1960,"출처: 청와대 국민청원 '공영 교육채널 EBS ****에서 일어난 청소년 방송인을 향한 언어폭력, 신체 폭력에 대한 진상규명을 요구합니다.'"
2270,7,"""한·중·일 공동 미세먼지 연구 결과는 과학적 의미가 없다""",False,인터넷 뉴스 댓글 이용자,1943,출처: 한·중·일 공동 미세먼지 연구 관련 기사 댓글
2271,7,“이자스민 전 의원은 필리핀에 다 퍼준다”,False,온라인 뉴스 댓글 이용자,1925,출처: 온라인 뉴스 댓글
2272,7,"""정부가 거짓 정보로 국내 전자담배 사용을 막고 있다""",False,청와대 국민청원,1919,출처: 청와대 국민청원
2275,7,“도서정가제 탓에 웹툰·웹소설 무료보기 사라진다”,False,인터넷 커뮤니티 이용자,1905,출처: FM 코리아
2276,7,이해찬 사퇴하면 총선 포기?,False,이해찬,1899,출처: 더불어민주당 이해찬 대표 기자간담회
2277,7,"서울시 청년수당, 정책 효과 입증 됐다?",False,서울특별시,1894,
2279,7,비 오는 날 야외서 전기차 충전 해도 된다?,False,네이버 카페 이용자,1889,출처: 네이버 '전기차동호회' 카페
2280,7,목전지 섞어 판 '명륜진사갈비'…광고·간판도 문제 있다?,False,온라인 뉴스 댓글 이용자,1877,출처: 온라인 기사 댓글
2281,7,"일본 마스카라에서 방사능 검출, 근거 있다?",False,심기준,1876,
2282,7,"""영장 논란 판사, 국감 증인으로 출석해야 한다""",False,김도읍,1871,
2283,7,"""생중계, 관중, 취재진 없이 경기 운영한 북한을 월드컵에서 제외하자""",False,온라인 이용자,1870,출처: 온라인 커뮤니티 이용자 및 관련 보도 다수 댓글 등
2284,7,"""전태일은 착취당하지 않았다""",False,류석춘,1868,출처: <월간조선> [2019년 10월호] 기고문
2285,7,"""내년부터 DNA 채취 못한다""",False,인터넷 뉴스 댓글 이용자,1856,출처: DNA법 관련 기사 댓글
2287,7,"“조국 퇴진 시국선언 교수, 최순실 국정농단 때보다 많다”",False,언론 보도,1846,출처: 조선일보
2288,7,"""위안부는 민간 차원에서 이뤄진 자발적 매춘이다""",False,류석춘,1847,
2289,7,"환자 착각하여 낙태한 의사, 면허 박탈 가능하다?",False,온라인 커뮤니티 이용자,1845,출처:  관련 기사 댓글
2291,7,목재 껍질 벗기면 세슘에서 안전하다,False,일본 임야청,1841,
2292,7,"후쿠시마 목재 방사선량, 100% 신뢰할 수 있다?",False,후쿠시마현,1840,
2293,7,"후쿠시마 방사능 데이터, 오염 상태를 정확히 보여준다?",False,후쿠시마현,1839,출처: 후쿠시마현의 방사능 데이터
2294,7,"도쿄의 '방사능 핫플레이스', 엑스레이 100만번 찍는 양이다?",False,언론 보도,1838,
2295,7,'0.23μ㏜/h'는 방사능 안전 기준치이다,False,언론 보도,1837,
2296,7,'종로는 차량 통행량이 많아 미세 먼지 농도가 타 지역에 비해 훨씬 심각하다',False,발언인 없음,1830,출처: 연합뉴스 미세먼지 관련 보도
2297,7,"""거짓말은 한국의 문화""",False,반일 종족주의,1815,
2298,7,“딸 장학금 반납 안돼”,False,조국,1809,"출처: 조국 ""서울대 동창회 장학금 신청·연락안해…딸 반납 시도"""
2299,7,"""다른 지역 출신 상산고 졸업생들이 전북권 의학계열 대학의 지역인재전형을 차지하기 때문에 지역인재는 소외당해""",False,김승환,1729,출처: 한겨레 상산고 자사고폐지-일반고 전환 전북도민 대책위  발언
2302,7,서울의 '비밀정원' <성락원>의 역사는 사실일까?,False,언론 보도,1584,출처: 서울시 보도자료 <서울에 남아있는 유일 한국 전통정원 '성락원' 시민 개방>
2303,7,"""애국가 나와도 '멀뚱멀뚱'…文 국기에 대하여 무례!""",False,언론 보도,1565,출처: 4월 24일 뉴데일리 보도
2304,7,"""인터넷 카페의 ‘강원 산불’ 모금은 불법""",False,온라인 커뮤니티 이용자,1504,출처: FMKOREA 커뮤니티
2305,7,"""강원도 산불 때 '김정숙 꽃놀이, 문재인 술자리'""",False,페이스북 및 유튜브 이용자,1500,출처: 유튜브 <안정권의 썰방>
2307,7,속초 화재 위성사진,False,트위터 이용자,1480,출처: 4월 4일자 트위터 게시물
2309,7,"""디지털 도어록, 불로 지지면 열린다""",False,페이스북 이용자,1464,출처: 페이스북 그룹
2311,7,"5·18 유공자, '참전 용사'보다 혜택 많다?",False,온라인 커뮤니티,1352,출처: 뉴스타운TV
2314,7,“수상태양광발전소는 중금속 범벅이다”,False,언론 보도,1226,"출처: ""새만금, 맹독성 호수로 전락할 것"""
2316,7,"한국 남성, 2명 중 1명은 성매매 경험?",False,한국여성정책연구원,1171,
2318,7,미세먼지 10년 전보다 악화?,False,발언인 없음,1135,
2319,7,국민연금공단 정문에서는 인터넷이 터지지 않는다,False,언론 보도,1093,출처: [기자수첩] 국민연금 정문에서 인터넷이 먹통됐던 기억
2320,7,전화만 받아도 125만원 과금되는 신종사기,False,인터넷 루머,1042,
2322,7,'기금운용본부장(CIO) 인선난'은 국민연금공단 기금운용본부의 전북 이전 때문이다,False,언론 보도,1031,출처: Want to Oversee the World’s Third-Largest Pension Fund? There’s Just One Catch
2323,7,외국인이 많아져 결핵 환자가 늘었다?,False,인터넷 루머,1008,
2324,7,북한에서 국민연금 200조원 요구했다.,False,인터넷 루머,1003,출처: 남-북한 국민연금 통합??
2325,7,"""청와대나 대통령은 해외 자원개발 사업에 직접적인 관여를 하지 않았다""",False,이명박,956,
2326,7,"""이라크 쿠르드 유전개발 사업은 유망성이 높은 사업이다""",False,한국석유공사,957,
2329,7,"""인간은 뇌의 일부만 사용한다""",False,인터넷 루머,949,출처보기>
2330,7,일본은 전기가 싸서 마음껏 쓴다?,False,발언인 없음,936,
2334,7,아침 공복에 마시는 온수 4~6잔이 ‘기적의 치료법’?,False,인터넷 루머,875,
2335,7,욱일기를 사용하는 응원은 피파 규정 위반?,False,발언인 없음,842,
2339,7,'단일팀 장비 반납' 문제로 폐회식 공동입장 무산?,False,언론 보도,550,
2340,7,김아랑 선수 헬멧의 세월호 추모 리본은 IOC 헌장 위반,False,인터넷 루머,524,"출처: 김아랑 '노란리본' 비난한 김세의 기자, 이건 어떤가"
2341,7,북한 응원단이 사용한 가면은 '김일성 가면',False,하태경,523,출처: “‘김일성 가면’에 구멍 뚫은건 김여정 지시”라는 하태경
2342,7,편의점에서 로또 살 수 없다?,False,관련인 없음,512,"출처: [편의점 로또 퇴출 위기 ②] 편의점 로또족, 어디로 가야 하나"
2345,7,수소전기차 충돌하면 폭발할까?,False,관련인 없음,504,
2347,7,"""문재인이 비트코인 200톤을 숨기고 있다""",False,관련인 없음,479,출처보기>
2348,7,노선영 출전 무산이 '국제빙상연맹' 탓인가?,False,대한빙상경기연맹,468,
2350,7,'한반도기' 합의...평창에서 태극기 사라진다?,False,관련인 없음,456,
2352,7,“서해 군 통신선 복원” 북한의 주장 사실인가?,False,리선권,439,"출처: 서해 통신선 문제로 얼굴붉힌 남북…軍, 복원 사실 몰랐나"
2354,7,궐련형 전자담배 중 추운 곳에서 작동 안 하는 기기가 있다?,True,관련인 없음,423,
2355,7,"해병대, 육·해·공군 보다 구타·가혹행위 심하다?",True,김중로,414,"출처: 해병대, 구타·가혹행위 심각…타군 대비 벌금·징계 압도적"
2356,7,"""박근혜 단식으로 목숨이 경각에 달려있다""",False,박근혜,344,출처: 현재 박사모들 사이에서 돌아다니는 카톡.TXT | 정치유머 게시판 | 루리웹 모바일
2357,7,"""심장마비 왔을 때 강하게 기침하면 막을 수 있다""",False,관련인 없음,332,출처: 혼자 있을 때 심장마비가 온다면 어떻게? 1인 심폐소생술 화제
2358,7,정신과 진료기록이 취업·보험가입에 악영향?,False,관련인 없음,322,출처: [이영웅] 정신과 진료 낙인에 애태우는 취준생들
2359,7,“미국이 선전포고를 한 이상 앞으로는 미국 전략 폭격기들이 설사 우리 영공선을 넘어서지 않는다고 해도 임의의 시각에 쏘아 떨굴 ...,False,리용호 북한 외무상,265,출처: [팩트인뉴스] 평시엔 명백한 국제법 위반… 무력공격 임박 땐 발동 가능
2360,7,"이번에 살충제 성분이 문제가 된 산란계는 도축업체에서 잡은 경우 이미 농약 검사를 마쳤고, 대부분 수출용이라는 주장은 사실일까?",False,산란계,228,
2361,7,"""아이스크림, 너무 더우면 되레 안 팔린다"", 사실일까?",False,관련인 없음,222,
